,try_n,vulnerability_id,fix_commit_mean_sim,not_fix_commit_mean_sim,num_fix_commit,type
0,0,CVE-2015-1427,0.6871245410595425,0.23152987048312335,3,spacy
1,0,CVE-2015-1427,0.6871245460410819,0.15696961489742453,3,fasttext
2,0,CVE-2015-5531,0.7726663619802105,0.1784496635862347,1,spacy
3,0,CVE-2015-5531,0.7726664426370389,0.18442575780646986,1,fasttext
4,0,CVE-2019-7619,1.0,0.15459628535127698,1,spacy
5,0,CVE-2019-7619,1.0,0.5013284680783003,1,fasttext
6,0,CVE-2020-7009,1.0,0.27170496230583807,3,spacy
7,0,CVE-2020-7009,1.0,0.22852286631395105,3,fasttext
8,0,CVE-2020-7019,0.967254649733342,0.5227314853186419,3,spacy
9,0,CVE-2020-7019,1.0000000000000002,0.382214114949688,3,fasttext
10,0,CVE-2013-4152,0.6530571183192294,0.4952062674905528,1,spacy
11,0,CVE-2013-4152,0.6214915216799353,0.4680219978922018,1,fasttext
12,0,CVE-2013-6429,1.0,0.6183353799369494,2,spacy
13,0,CVE-2013-6429,0.9644289621924632,0.6623088258262924,2,fasttext
14,0,CVE-2013-7315,1.0,0.4841383053391654,1,spacy
15,0,CVE-2013-7315,1.0,0.5233246005481923,1,fasttext
16,0,CVE-2014-0054,1.0,0.6045128418915484,2,spacy
17,0,CVE-2014-0054,1.0,0.562484904525837,2,fasttext
18,0,CVE-2014-1904,0.9426882980512273,0.41326107772577697,2,spacy
19,0,CVE-2014-1904,0.9414774913090437,0.41430885697593234,2,fasttext
20,0,CVE-2014-3578,0.35718759140092954,0.2640844730118102,2,spacy
21,0,CVE-2014-3578,0.3571876529751805,0.28717082572328745,2,fasttext
22,0,CVE-2014-3625,0.9449012244327291,0.5988299665936451,3,spacy
23,0,CVE-2014-3625,0.9433105973052801,0.6430854130525355,3,fasttext
24,0,CVE-2015-0201,0.8591152904857832,0.20657981532141179,2,spacy
25,0,CVE-2015-0201,0.8591152868546214,0.38783461037076966,2,fasttext
26,0,CVE-2015-3192,1.0,0.2525245277614472,1,spacy
27,0,CVE-2015-3192,1.0,0.18955452201217216,1,fasttext
28,0,CVE-2016-5007,1.0,0.7180049680390951,1,spacy
29,0,CVE-2016-5007,1.0,0.6814193273382416,1,fasttext
30,0,CVE-2016-9878,0.9299344755016589,0.38418581322651213,3,spacy
31,0,CVE-2016-9878,0.9299344611416939,0.49477099528947804,3,fasttext
32,0,CVE-2018-11039,1.0,0.5994372575373033,2,spacy
33,0,CVE-2018-11039,1.0,0.6870004225242807,2,fasttext
34,0,CVE-2018-11040,0.9060303278205395,0.48907193430804313,2,spacy
35,0,CVE-2018-11040,0.9060303170829859,0.38595351812546036,2,fasttext
36,0,CVE-2018-1257,1.0,0.2262728152368405,2,spacy
37,0,CVE-2018-1257,1.0,0.32979410341344884,2,fasttext
38,0,CVE-2018-1270,0.31790809147068194,0.15016825149038812,3,spacy
39,0,CVE-2018-1270,0.5039844290196637,0.31780792726733786,3,fasttext
40,0,CVE-2018-1271,0.897809887706478,0.45146311911592707,7,spacy
41,0,CVE-2018-1271,0.8978098795908399,0.42230530235535924,7,fasttext
42,0,CVE-2018-1272,1.0,0.5174941183739965,2,spacy
43,0,CVE-2018-1272,1.0,0.3428670850494531,2,fasttext
44,0,CVE-2018-1275,0.2284186601723809,0.25669988016215584,2,spacy
45,0,CVE-2018-1275,0.43890792632798104,0.39607561637176075,2,fasttext
46,0,CVE-2018-15756,1.0,0.2789939647336242,3,spacy
47,0,CVE-2018-15756,1.0,0.4789836411655571,3,fasttext
48,0,CVE-2020-5397,1.0,0.23744968330179986,1,spacy
49,0,CVE-2020-5397,1.0,0.3354320609643829,1,fasttext
50,0,CVE-2020-5398,1.0,0.5713686895384325,1,spacy
51,0,CVE-2020-5398,1.0,0.3348182974166745,1,fasttext
52,0,CVE-2018-10237,1.0,0.2516954475727317,1,spacy
53,0,CVE-2018-10237,1.0,0.3673175744767743,1,fasttext
54,0,CVE-2016-2402,1.0,0.3530922212877132,3,spacy
55,0,CVE-2016-2402,1.0,0.32658015494627246,3,fasttext
56,0,CVE-2018-1000844,0.3689281080403053,0.17685528410332885,1,spacy
57,0,CVE-2018-1000844,0.7018767356927351,0.4836281008649148,1,fasttext
58,0,CVE-2018-1000850,1.0,0.8076860284275909,1,spacy
59,0,CVE-2018-1000850,1.0,0.4362969895620639,1,fasttext
60,0,CVE-2017-12612,0.7648499001001436,0.27132594328552595,6,spacy
61,0,CVE-2017-12612,0.8083203867135246,0.29649028227199337,6,fasttext
62,0,CVE-2020-9480,0.93520735773608,0.2507235222479377,2,spacy
63,0,CVE-2020-9480,0.8957198151406981,0.31413018002757026,2,fasttext
64,0,CVE-2014-0193,0.8389287183822443,0.42412558733948186,1,spacy
65,0,CVE-2014-0193,0.8389287340834082,0.3829661963460024,1,fasttext
66,0,CVE-2014-3488,1.0,0.4683310232980911,1,spacy
67,0,CVE-2014-3488,0.8773581636248258,0.590278421808456,1,fasttext
68,0,CVE-2016-4970,1.0,0.4984736335310643,2,spacy
69,0,CVE-2016-4970,1.0,0.48857871691385907,2,fasttext
70,0,CVE-2019-16869,0.8677720753342093,0.1757873978146547,2,spacy
71,0,CVE-2019-16869,0.8677720903080739,0.12241892509740471,2,fasttext
72,0,CVE-2019-20445,0.9966970334740488,0.09887248877095167,1,spacy
73,0,CVE-2019-20445,0.9966970323210128,0.31972006047764223,1,fasttext
74,0,CVE-2019-9512,1.0,0.12523124725471524,1,spacy
75,0,CVE-2019-9512,1.0,0.3726483011950953,1,fasttext
76,0,CVE-2019-9514,1.0,0.14722138552136022,1,spacy
77,0,CVE-2019-9514,1.0,0.09307919371868034,1,fasttext
78,0,CVE-2019-9515,1.0,0.13849952825987674,1,spacy
79,0,CVE-2019-9515,1.0,0.2984063310916447,1,fasttext
80,0,CVE-2019-9518,1.0,0.0960581340144354,1,spacy
81,0,CVE-2019-9518,1.0,0.16227666943203412,1,fasttext
82,0,CVE-2020-11612,1.0,0.4057299300841348,1,spacy
83,0,CVE-2020-11612,1.0,0.2584841842935521,1,fasttext
84,0,CVE-2020-7238,1.0,0.08821230515243644,1,spacy
85,0,CVE-2020-7238,1.0,0.3346419354786833,1,fasttext
86,0,CVE-2017-18349,1.0,0.6740174834403176,1,spacy
87,0,CVE-2017-18349,1.0,0.8563950328046244,1,fasttext
88,0,CVE-2017-12610,1.0,0.5391582258529639,3,spacy
89,0,CVE-2017-12610,1.0,0.5897342463334402,3,fasttext
90,0,CVE-2018-17196,1.0,0.4193824283220885,1,spacy
91,0,CVE-2018-17196,1.0,0.6648736298084259,1,fasttext
92,0,CVE-2019-12399,0.9776733927555912,0.5603723874088186,4,spacy
93,0,CVE-2019-12399,0.9776733927428722,0.5913589634001256,4,fasttext
94,0,CVE-2018-17297,0.8714687741457899,0.7306112397129308,3,spacy
95,0,CVE-2018-17297,0.875591499123225,0.6472926171113572,3,fasttext
96,0,CVE-2020-13921,1.0,0.8860244370447513,1,spacy
97,0,CVE-2020-13921,1.0000000000000002,0.4700495890842272,1,fasttext
98,0,CVE-2020-9483,1.0,0.19599841115790975,1,spacy
99,0,CVE-2020-9483,1.0,0.19599848654416965,1,fasttext
100,0,CVE-2020-1960,0.9956901047396237,0.36302891021359684,11,spacy
101,0,CVE-2020-1960,0.9962766516907325,0.3605786548095507,11,fasttext
102,0,CVE-2019-17572,1.0,1.0,1,spacy
103,0,CVE-2019-17572,1.0,0.21170580854860024,1,fasttext
104,0,CVE-2020-12480,0.9600292676452558,0.3220597609896497,1,spacy
105,0,CVE-2020-12480,0.960029371649632,0.3536427494541096,1,fasttext
106,0,CVE-2017-7669,0.9650059184089016,0.7142503191669246,2,spacy
107,0,CVE-2017-7669,0.979419604564748,0.721819091534556,2,fasttext
108,0,CVE-2018-11768,1.0,0.2968641321277136,1,spacy
109,0,CVE-2018-11768,1.0,0.34067540520026157,1,fasttext
110,0,CVE-2018-8009,1.0,0.5085474616176795,13,spacy
111,0,CVE-2018-8009,1.0,0.49197064704133603,13,fasttext
112,0,CVE-2018-12541,1.0,0.4219558574021913,1,spacy
113,0,CVE-2018-12541,1.0,0.7105792376667488,1,fasttext
114,0,CVE-2020-1958,0.8468820472521317,0.5824298946110741,1,spacy
115,0,CVE-2020-1958,0.9755470054216724,0.33681021115799165,1,fasttext
116,0,CVE-2018-11248,0.8864644178395089,0.6237496709064771,1,spacy
117,0,CVE-2018-11248,0.8583664170761196,0.7142069147315713,1,fasttext
118,0,CVE-2017-5637,1.0,0.3998345997085419,1,spacy
119,0,CVE-2017-5637,1.0,0.19024750575388338,1,fasttext
120,0,CVE-2019-0201,1.0,0.42075893495912514,3,spacy
121,0,CVE-2019-0201,1.0,0.3055418593988284,3,fasttext
122,0,CVE-2016-9177,1.0,0.8788618105221442,1,spacy
123,0,CVE-2016-9177,1.0,0.2933057632023703,1,fasttext
124,0,CVE-2018-9159,0.7384579578718358,0.8732846669344911,2,spacy
125,0,CVE-2018-9159,0.8200088212798344,0.8738399509652515,2,fasttext
126,1,CVE-2015-1427,0.6871245410595425,0.22356769509730356,3,spacy
127,1,CVE-2015-1427,0.6871245460410819,0.1582371211269105,3,fasttext
128,1,CVE-2015-5531,0.7726663619802105,0.2413093985870116,1,spacy
129,1,CVE-2015-5531,0.7726664426370389,0.42050231643134817,1,fasttext
130,1,CVE-2019-7619,1.0,0.3339247699972536,1,spacy
131,1,CVE-2019-7619,1.0,0.4020617896183134,1,fasttext
132,1,CVE-2020-7009,1.0,0.3787356975827651,3,spacy
133,1,CVE-2020-7009,1.0,0.26865443848804477,3,fasttext
134,1,CVE-2020-7019,0.967254649733342,0.26943900192073117,3,spacy
135,1,CVE-2020-7019,1.0000000000000002,0.5197662979306081,3,fasttext
136,1,CVE-2013-4152,0.6530571183192294,0.6648502139579783,1,spacy
137,1,CVE-2013-4152,0.6214915216799353,0.3583200414709393,1,fasttext
138,1,CVE-2013-6429,1.0,0.5935339140310661,2,spacy
139,1,CVE-2013-6429,0.9644289621924632,0.581330569118273,2,fasttext
140,1,CVE-2013-7315,1.0,0.6130135178810969,1,spacy
141,1,CVE-2013-7315,1.0,0.5452494377661864,1,fasttext
142,1,CVE-2014-0054,1.0,0.5746081867583182,2,spacy
143,1,CVE-2014-0054,1.0,0.5450476323089775,2,fasttext
144,1,CVE-2014-1904,0.9426882980512273,0.4464755112303587,2,spacy
145,1,CVE-2014-1904,0.9414774913090437,0.546646389496251,2,fasttext
146,1,CVE-2014-3578,0.35718759140092954,0.33562884627930756,2,spacy
147,1,CVE-2014-3578,0.3571876529751805,0.35927681016193097,2,fasttext
148,1,CVE-2014-3625,0.9449012244327291,0.6172301460587843,3,spacy
149,1,CVE-2014-3625,0.9433105973052801,0.6339699697918871,3,fasttext
150,1,CVE-2015-0201,0.8591152904857832,0.32745877145521135,2,spacy
151,1,CVE-2015-0201,0.8591152868546214,0.21082883078040324,2,fasttext
152,1,CVE-2015-3192,1.0,0.3169560250424765,1,spacy
153,1,CVE-2015-3192,1.0,0.13157077823923613,1,fasttext
154,1,CVE-2016-5007,1.0,0.6946628056150538,1,spacy
155,1,CVE-2016-5007,1.0,0.27959835258111626,1,fasttext
156,1,CVE-2016-9878,0.9299344755016589,0.6725686596170787,3,spacy
157,1,CVE-2016-9878,0.9299344611416939,0.29082495817113174,3,fasttext
158,1,CVE-2018-11039,1.0,0.5297462413989792,2,spacy
159,1,CVE-2018-11039,1.0,0.46269227784293127,2,fasttext
160,1,CVE-2018-11040,0.9060303278205395,0.47583572325469675,2,spacy
161,1,CVE-2018-11040,0.9060303170829859,0.32916342598732773,2,fasttext
162,1,CVE-2018-1257,1.0,0.2504758328389251,2,spacy
163,1,CVE-2018-1257,1.0,0.24681994844515756,2,fasttext
164,1,CVE-2018-1270,0.31790809147068194,0.14833499464164088,3,spacy
165,1,CVE-2018-1270,0.5039844290196637,0.3284768583638885,3,fasttext
166,1,CVE-2018-1271,0.897809887706478,0.49674835641178977,7,spacy
167,1,CVE-2018-1271,0.8978098795908399,0.4092026932992643,7,fasttext
168,1,CVE-2018-1272,1.0,0.38401802405726104,2,spacy
169,1,CVE-2018-1272,1.0,0.2801214828973368,2,fasttext
170,1,CVE-2018-1275,0.2284186601723809,0.5516426461895777,2,spacy
171,1,CVE-2018-1275,0.43890792632798104,0.27657204269875607,2,fasttext
172,1,CVE-2018-15756,1.0,0.38873767361026706,3,spacy
173,1,CVE-2018-15756,1.0,0.4001779343180661,3,fasttext
174,1,CVE-2020-5397,1.0,0.2498091356552039,1,spacy
175,1,CVE-2020-5397,1.0,0.2101287854774776,1,fasttext
176,1,CVE-2020-5398,1.0,0.14700507462188273,1,spacy
177,1,CVE-2020-5398,1.0,0.7182714236291805,1,fasttext
178,1,CVE-2018-10237,1.0,0.18294063050594056,1,spacy
179,1,CVE-2018-10237,1.0,0.2224760313273667,1,fasttext
180,1,CVE-2016-2402,1.0,0.38306468747698297,3,spacy
181,1,CVE-2016-2402,1.0,0.4203977135847854,3,fasttext
182,1,CVE-2018-1000844,0.3689281080403053,0.017772025060293073,1,spacy
183,1,CVE-2018-1000844,0.7018767356927351,0.21007709699752564,1,fasttext
184,1,CVE-2018-1000850,1.0,0.105995983541056,1,spacy
185,1,CVE-2018-1000850,1.0,0.5452714529482692,1,fasttext
186,1,CVE-2017-12612,0.7648499001001436,0.24887348665173215,6,spacy
187,1,CVE-2017-12612,0.8083203867135246,0.3411943312224637,6,fasttext
188,1,CVE-2020-9480,0.93520735773608,0.3434025675617835,2,spacy
189,1,CVE-2020-9480,0.8957198151406981,0.2988486685986371,2,fasttext
190,1,CVE-2014-0193,0.8389287183822443,0.1589794401460613,1,spacy
191,1,CVE-2014-0193,0.8389287340834082,0.1317258901313288,1,fasttext
192,1,CVE-2014-3488,1.0,0.2600757231373661,1,spacy
193,1,CVE-2014-3488,0.8773581636248258,0.5829548541280725,1,fasttext
194,1,CVE-2016-4970,1.0,0.5323458121631501,2,spacy
195,1,CVE-2016-4970,1.0,0.44956116875012714,2,fasttext
196,1,CVE-2019-16869,0.8677720753342093,0.19442797157114122,2,spacy
197,1,CVE-2019-16869,0.8677720903080739,0.08948078401502546,2,fasttext
198,1,CVE-2019-20445,0.9966970334740488,0.15736584090965344,1,spacy
199,1,CVE-2019-20445,0.9966970323210128,0.5184241332580879,1,fasttext
200,1,CVE-2019-9512,1.0,0.19347587326200244,1,spacy
201,1,CVE-2019-9512,1.0,0.12523125647646538,1,fasttext
202,1,CVE-2019-9514,1.0,0.16081465962505906,1,spacy
203,1,CVE-2019-9514,1.0,0.3392463522486403,1,fasttext
204,1,CVE-2019-9515,1.0,0.15653858232770868,1,spacy
205,1,CVE-2019-9515,1.0,0.5028689045386351,1,fasttext
206,1,CVE-2019-9518,1.0,0.20591944428485853,1,spacy
207,1,CVE-2019-9518,1.0,0.8341051949962819,1,fasttext
208,1,CVE-2020-11612,1.0,0.3941750542902147,1,spacy
209,1,CVE-2020-11612,1.0,0.06638127255392623,1,fasttext
210,1,CVE-2020-7238,1.0,0.4973950600780232,1,spacy
211,1,CVE-2020-7238,1.0,0.37945681899590383,1,fasttext
212,1,CVE-2017-18349,1.0,0.8563949926645646,1,spacy
213,1,CVE-2017-18349,1.0,0.6740174028806574,1,fasttext
214,1,CVE-2017-12610,1.0,0.5879944903422806,3,spacy
215,1,CVE-2017-12610,1.0,0.4827554540501701,3,fasttext
216,1,CVE-2018-17196,1.0,0.4316496767074435,1,spacy
217,1,CVE-2018-17196,1.0,0.6648736298084259,1,fasttext
218,1,CVE-2019-12399,0.9776733927555912,0.6077137575809107,4,spacy
219,1,CVE-2019-12399,0.9776733927428722,0.6808749437332153,4,fasttext
220,1,CVE-2018-17297,0.8714687741457899,0.7043945754507382,3,spacy
221,1,CVE-2018-17297,0.875591499123225,0.7249362651026395,3,fasttext
222,1,CVE-2020-13921,1.0,0.16035069453346684,1,spacy
223,1,CVE-2020-13921,1.0000000000000002,0.117425263731802,1,fasttext
224,1,CVE-2020-9483,1.0,0.19599841115790975,1,spacy
225,1,CVE-2020-9483,1.0,0.3006882700461587,1,fasttext
226,1,CVE-2020-1960,0.9956901047396237,0.28545145785645404,11,spacy
227,1,CVE-2020-1960,0.9962766516907325,0.3743716939625532,11,fasttext
228,1,CVE-2019-17572,1.0,0.627317615496194,1,spacy
229,1,CVE-2019-17572,1.0,0.5987640566348544,1,fasttext
230,1,CVE-2020-12480,0.9600292676452558,0.41635942868202797,1,spacy
231,1,CVE-2020-12480,0.960029371649632,0.4163593854075147,1,fasttext
232,1,CVE-2017-7669,0.9650059184089016,0.5555329763922999,2,spacy
233,1,CVE-2017-7669,0.979419604564748,0.6009116796890278,2,fasttext
234,1,CVE-2018-11768,1.0,0.21034743746518414,1,spacy
235,1,CVE-2018-11768,1.0,0.36949421297949786,1,fasttext
236,1,CVE-2018-8009,1.0,0.48058889672025285,13,spacy
237,1,CVE-2018-8009,1.0,0.49155960131031046,13,fasttext
238,1,CVE-2018-12541,1.0,0.9448876032958816,1,spacy
239,1,CVE-2018-12541,1.0,1.0,1,fasttext
240,1,CVE-2020-1958,0.8468820472521317,0.2375490677508931,1,spacy
241,1,CVE-2020-1958,0.9755470054216724,0.11695795412651845,1,fasttext
242,1,CVE-2018-11248,0.8864644178395089,0.6922327614198007,1,spacy
243,1,CVE-2018-11248,0.8583664170761196,0.7142069147315713,1,fasttext
244,1,CVE-2017-5637,1.0,0.24796705616598405,1,spacy
245,1,CVE-2017-5637,1.0,0.17682414071138886,1,fasttext
246,1,CVE-2019-0201,1.0,0.28283727478272364,3,spacy
247,1,CVE-2019-0201,1.0,0.3456146063662091,3,fasttext
248,1,CVE-2016-9177,1.0,0.5647716983697401,1,spacy
249,1,CVE-2016-9177,1.0,0.8454960043527119,1,fasttext
250,1,CVE-2018-9159,0.7384579578718358,0.6742089243274605,2,spacy
251,1,CVE-2018-9159,0.8200088212798344,0.5271715308716187,2,fasttext
252,2,CVE-2015-1427,0.6871245410595425,0.18201683608084177,3,spacy
253,2,CVE-2015-1427,0.6871245460410819,0.14805173301997476,3,fasttext
254,2,CVE-2015-5531,0.7726663619802105,0.1980802642451236,1,spacy
255,2,CVE-2015-5531,0.7726664426370389,0.13083953352830924,1,fasttext
256,2,CVE-2019-7619,1.0,0.11692375667734622,1,spacy
257,2,CVE-2019-7619,1.0,0.5874422808438708,1,fasttext
258,2,CVE-2020-7009,1.0,0.2739387680558503,3,spacy
259,2,CVE-2020-7009,1.0,0.2415193150012339,3,fasttext
260,2,CVE-2020-7019,0.967254649733342,0.4456296195734841,3,spacy
261,2,CVE-2020-7019,1.0000000000000002,0.2788370455558163,3,fasttext
262,2,CVE-2013-4152,0.6530571183192294,0.4937928827142764,1,spacy
263,2,CVE-2013-4152,0.6214915216799353,0.3048317055739298,1,fasttext
264,2,CVE-2013-6429,1.0,0.720080166491765,2,spacy
265,2,CVE-2013-6429,0.9644289621924632,0.655668057992822,2,fasttext
266,2,CVE-2013-7315,1.0,0.4696505283763031,1,spacy
267,2,CVE-2013-7315,1.0,0.4048166197066599,1,fasttext
268,2,CVE-2014-0054,1.0,0.6385059367355135,2,spacy
269,2,CVE-2014-0054,1.0,0.5312125060352956,2,fasttext
270,2,CVE-2014-1904,0.9426882980512273,0.5546513605199028,2,spacy
271,2,CVE-2014-1904,0.9414774913090437,0.47603856709219095,2,fasttext
272,2,CVE-2014-3578,0.35718759140092954,0.28898526466607394,2,spacy
273,2,CVE-2014-3578,0.3571876529751805,0.3860017134226221,2,fasttext
274,2,CVE-2014-3625,0.9449012244327291,0.6554010460659846,3,spacy
275,2,CVE-2014-3625,0.9433105973052801,0.6151778541216191,3,fasttext
276,2,CVE-2015-0201,0.8591152904857832,0.28017974801066414,2,spacy
277,2,CVE-2015-0201,0.8591152868546214,0.23274504967814896,2,fasttext
278,2,CVE-2015-3192,1.0,0.13000628006152326,1,spacy
279,2,CVE-2015-3192,1.0,0.4495510555764354,1,fasttext
280,2,CVE-2016-5007,1.0,0.2682307507106773,1,spacy
281,2,CVE-2016-5007,1.0,0.2712754458246937,1,fasttext
282,2,CVE-2016-9878,0.9299344755016589,0.38090118487247643,3,spacy
283,2,CVE-2016-9878,0.9299344611416939,0.5753893134130735,3,fasttext
284,2,CVE-2018-11039,1.0,0.5329433584238213,2,spacy
285,2,CVE-2018-11039,1.0,0.5451934643600758,2,fasttext
286,2,CVE-2018-11040,0.9060303278205395,0.3639584224330236,2,spacy
287,2,CVE-2018-11040,0.9060303170829859,0.3337155448908871,2,fasttext
288,2,CVE-2018-1257,1.0,0.16402249749354783,2,spacy
289,2,CVE-2018-1257,1.0,0.23141357300308485,2,fasttext
290,2,CVE-2018-1270,0.31790809147068194,0.2200359378123807,3,spacy
291,2,CVE-2018-1270,0.5039844290196637,0.3445303888322762,3,fasttext
292,2,CVE-2018-1271,0.897809887706478,0.513090556856397,7,spacy
293,2,CVE-2018-1271,0.8978098795908399,0.503116449891833,7,fasttext
294,2,CVE-2018-1272,1.0,0.5455294121121936,2,spacy
295,2,CVE-2018-1272,1.0,0.4044509206184481,2,fasttext
296,2,CVE-2018-1275,0.2284186601723809,0.23135001184114098,2,spacy
297,2,CVE-2018-1275,0.43890792632798104,0.1307933723000207,2,fasttext
298,2,CVE-2018-15756,1.0,0.3772476697563345,3,spacy
299,2,CVE-2018-15756,1.0,0.3434559393496793,3,fasttext
300,2,CVE-2020-5397,1.0,0.5456173137556037,1,spacy
301,2,CVE-2020-5397,1.0,0.21996439707533189,1,fasttext
302,2,CVE-2020-5398,1.0,0.3992352495817727,1,spacy
303,2,CVE-2020-5398,1.0,0.529976282116823,1,fasttext
304,2,CVE-2018-10237,1.0,0.26830563474496194,1,spacy
305,2,CVE-2018-10237,1.0,0.4721786425304085,1,fasttext
306,2,CVE-2016-2402,1.0,0.2365073790330033,3,spacy
307,2,CVE-2016-2402,1.0,0.2895828685673306,3,fasttext
308,2,CVE-2018-1000844,0.3689281080403053,0.1945032390090622,1,spacy
309,2,CVE-2018-1000844,0.7018767356927351,0.059049100166387314,1,fasttext
310,2,CVE-2018-1000850,1.0,0.8463859609784907,1,spacy
311,2,CVE-2018-1000850,1.0,0.7037569298203197,1,fasttext
312,2,CVE-2017-12612,0.7648499001001436,0.19374306164648014,6,spacy
313,2,CVE-2017-12612,0.8083203867135246,0.2535771197112455,6,fasttext
314,2,CVE-2020-9480,0.93520735773608,0.3987355728274406,2,spacy
315,2,CVE-2020-9480,0.8957198151406981,0.3901671342769355,2,fasttext
316,2,CVE-2014-0193,0.8389287183822443,0.5978583293916138,1,spacy
317,2,CVE-2014-0193,0.8389287340834082,0.1589794634184259,1,fasttext
318,2,CVE-2014-3488,1.0,0.4683310232980911,1,spacy
319,2,CVE-2014-3488,0.8773581636248258,0.4676365854332818,1,fasttext
320,2,CVE-2016-4970,1.0,0.5102857594357468,2,spacy
321,2,CVE-2016-4970,1.0,0.6265259981155396,2,fasttext
322,2,CVE-2019-16869,0.8677720753342093,0.138181459413448,2,spacy
323,2,CVE-2019-16869,0.8677720903080739,0.24227810898683394,2,fasttext
324,2,CVE-2019-20445,0.9966970334740488,0.10594072623255768,1,spacy
325,2,CVE-2019-20445,0.9966970323210128,0.12426830962668467,1,fasttext
326,2,CVE-2019-9512,1.0,0.3938122716010312,1,spacy
327,2,CVE-2019-9512,1.0,0.13952915691803935,1,fasttext
328,2,CVE-2019-9514,1.0,0.3529039490075426,1,spacy
329,2,CVE-2019-9514,1.0,0.3709669471560255,1,fasttext
330,2,CVE-2019-9515,1.0,0.15476908079481674,1,spacy
331,2,CVE-2019-9515,1.0,0.1842147727713911,1,fasttext
332,2,CVE-2019-9518,1.0,0.08911186630037315,1,spacy
333,2,CVE-2019-9518,1.0,0.4056885845553878,1,fasttext
334,2,CVE-2020-11612,1.0,0.6528991112271607,1,spacy
335,2,CVE-2020-11612,1.0,0.12910296128359475,1,fasttext
336,2,CVE-2020-7238,1.0,0.508075093451209,1,spacy
337,2,CVE-2020-7238,1.0,0.13488835984670006,1,fasttext
338,2,CVE-2017-18349,1.0,0.6740174834403176,1,spacy
339,2,CVE-2017-18349,1.0,0.8563950328046244,1,fasttext
340,2,CVE-2017-12610,1.0,0.47251183167861527,3,spacy
341,2,CVE-2017-12610,1.0,0.4862530761294894,3,fasttext
342,2,CVE-2018-17196,1.0,0.8859679074867688,1,spacy
343,2,CVE-2018-17196,1.0,0.6648736298084259,1,fasttext
344,2,CVE-2019-12399,0.9776733927555912,0.5581835329159901,4,spacy
345,2,CVE-2019-12399,0.9776733927428722,0.585972499102354,4,fasttext
346,2,CVE-2018-17297,0.8714687741457899,0.6431166571329152,3,spacy
347,2,CVE-2018-17297,0.875591499123225,0.4659098877651404,3,fasttext
348,2,CVE-2020-13921,1.0,1.0,1,spacy
349,2,CVE-2020-13921,1.0000000000000002,0.07907778447923136,1,fasttext
350,2,CVE-2020-9483,1.0,0.14158823103753898,1,spacy
351,2,CVE-2020-9483,1.0,0.1415883232352383,1,fasttext
352,2,CVE-2020-1960,0.9956901047396237,0.3291912710997669,11,spacy
353,2,CVE-2020-1960,0.9962766516907325,0.32134771890718455,11,fasttext
354,2,CVE-2019-17572,1.0,1.0,1,spacy
355,2,CVE-2019-17572,1.0,1.0,1,fasttext
356,2,CVE-2020-12480,0.9600292676452558,0.31161603781293745,1,spacy
357,2,CVE-2020-12480,0.960029371649632,0.4163593854075147,1,fasttext
358,2,CVE-2017-7669,0.9650059184089016,0.6173783442556422,2,spacy
359,2,CVE-2017-7669,0.979419604564748,0.6761665888246661,2,fasttext
360,2,CVE-2018-11768,1.0,0.31627766495178494,1,spacy
361,2,CVE-2018-11768,1.0,0.2540287342757777,1,fasttext
362,2,CVE-2018-8009,1.0,0.4597983705847336,13,spacy
363,2,CVE-2018-8009,1.0,0.4931740478264185,13,fasttext
364,2,CVE-2018-12541,1.0,0.8028922687074738,1,spacy
365,2,CVE-2018-12541,1.0,0.5801037921269006,1,fasttext
366,2,CVE-2020-1958,0.8468820472521317,0.1572410604315264,1,spacy
367,2,CVE-2020-1958,0.9755470054216724,0.2308310002004565,1,fasttext
368,2,CVE-2018-11248,0.8864644178395089,0.7709041895115369,1,spacy
369,2,CVE-2018-11248,0.8583664170761196,0.4004268257454369,1,fasttext
370,2,CVE-2017-5637,1.0,0.15683180538017572,1,spacy
371,2,CVE-2017-5637,1.0,0.2028923948710942,1,fasttext
372,2,CVE-2019-0201,1.0,0.3268195999863514,3,spacy
373,2,CVE-2019-0201,1.0,0.30652831468638597,3,fasttext
374,2,CVE-2016-9177,1.0,0.763151748843268,1,spacy
375,2,CVE-2016-9177,1.0,0.7502448663458232,1,fasttext
376,2,CVE-2018-9159,0.7384579578718358,0.7632266694390938,2,spacy
377,2,CVE-2018-9159,0.8200088212798344,0.8467515035069505,2,fasttext
378,3,CVE-2015-1427,0.6871245410595425,0.13413716778152868,3,spacy
379,3,CVE-2015-1427,0.6871245460410819,0.20538912749350116,3,fasttext
380,3,CVE-2015-5531,0.7726663619802105,0.19227065426023704,1,spacy
381,3,CVE-2015-5531,0.7726664426370389,0.2282974098324504,1,fasttext
382,3,CVE-2019-7619,1.0,0.3242884253240996,1,spacy
383,3,CVE-2019-7619,1.0,0.3673377945375884,1,fasttext
384,3,CVE-2020-7009,1.0,0.336897080241003,3,spacy
385,3,CVE-2020-7009,1.0,0.23415191954351852,3,fasttext
386,3,CVE-2020-7019,0.967254649733342,0.4222224213203682,3,spacy
387,3,CVE-2020-7019,1.0000000000000002,0.37993954003492053,3,fasttext
388,3,CVE-2013-4152,0.6530571183192294,0.4918940455188537,1,spacy
389,3,CVE-2013-4152,0.6214915216799353,0.4070218915399168,1,fasttext
390,3,CVE-2013-6429,1.0,0.6436853710392288,2,spacy
391,3,CVE-2013-6429,0.9644289621924632,0.5673829565497994,2,fasttext
392,3,CVE-2013-7315,1.0,0.5591169028306953,1,spacy
393,3,CVE-2013-7315,1.0,0.5680437967215214,1,fasttext
394,3,CVE-2014-0054,1.0,0.6091563075555319,2,spacy
395,3,CVE-2014-0054,1.0,0.5981995139905905,2,fasttext
396,3,CVE-2014-1904,0.9426882980512273,0.4111132135333596,2,spacy
397,3,CVE-2014-1904,0.9414774913090437,0.4034340804036618,2,fasttext
398,3,CVE-2014-3578,0.35718759140092954,0.32478973381744297,2,spacy
399,3,CVE-2014-3578,0.3571876529751805,0.3113722448012187,2,fasttext
400,3,CVE-2014-3625,0.9449012244327291,0.6935056382458833,3,spacy
401,3,CVE-2014-3625,0.9433105973052801,0.6389163063237091,3,fasttext
402,3,CVE-2015-0201,0.8591152904857832,0.3841477212786265,2,spacy
403,3,CVE-2015-0201,0.8591152868546214,0.35502623262765953,2,fasttext
404,3,CVE-2015-3192,1.0,0.22202645075166086,1,spacy
405,3,CVE-2015-3192,1.0,0.24046818554867103,1,fasttext
406,3,CVE-2016-5007,1.0,0.28230195670868674,1,spacy
407,3,CVE-2016-5007,1.0,0.28049221151015,1,fasttext
408,3,CVE-2016-9878,0.9299344755016589,0.43655312756653925,3,spacy
409,3,CVE-2016-9878,0.9299344611416939,0.4299744030791413,3,fasttext
410,3,CVE-2018-11039,1.0,0.48961376310504495,2,spacy
411,3,CVE-2018-11039,1.0,0.38073854291230197,2,fasttext
412,3,CVE-2018-11040,0.9060303278205395,0.4553355447463952,2,spacy
413,3,CVE-2018-11040,0.9060303170829859,0.39056652250695434,2,fasttext
414,3,CVE-2018-1257,1.0,0.3290690268513267,2,spacy
415,3,CVE-2018-1257,1.0,0.5064457131173995,2,fasttext
416,3,CVE-2018-1270,0.31790809147068194,0.23373177207800772,3,spacy
417,3,CVE-2018-1270,0.5039844290196637,0.21158252522550075,3,fasttext
418,3,CVE-2018-1271,0.897809887706478,0.44683129347375367,7,spacy
419,3,CVE-2018-1271,0.8978098795908399,0.44550454438524295,7,fasttext
420,3,CVE-2018-1272,1.0,0.5893368135135065,2,spacy
421,3,CVE-2018-1272,1.0,0.6421079399267966,2,fasttext
422,3,CVE-2018-1275,0.2284186601723809,0.18593709410143378,2,spacy
423,3,CVE-2018-1275,0.43890792632798104,0.1803068289349591,2,fasttext
424,3,CVE-2018-15756,1.0,0.3780348185660733,3,spacy
425,3,CVE-2018-15756,1.0,0.4514469184102634,3,fasttext
426,3,CVE-2020-5397,1.0,0.28642686346189217,1,spacy
427,3,CVE-2020-5397,1.0,0.22912180505582316,1,fasttext
428,3,CVE-2020-5398,1.0,0.4858095867679056,1,spacy
429,3,CVE-2020-5398,1.0,0.32308741750163744,1,fasttext
430,3,CVE-2018-10237,1.0,0.2301721646629333,1,spacy
431,3,CVE-2018-10237,1.0,0.4378719377467217,1,fasttext
432,3,CVE-2016-2402,1.0,0.2605361958996698,3,spacy
433,3,CVE-2016-2402,1.0,0.23909708050434259,3,fasttext
434,3,CVE-2018-1000844,0.3689281080403053,0.04603703537180937,1,spacy
435,3,CVE-2018-1000844,0.7018767356927351,0.21779591127233755,1,fasttext
436,3,CVE-2018-1000850,1.0,0.9279305111273216,1,spacy
437,3,CVE-2018-1000850,1.0,0.6677870065878251,1,fasttext
438,3,CVE-2017-12612,0.7648499001001436,0.21179455918092138,6,spacy
439,3,CVE-2017-12612,0.8083203867135246,0.20309648428632343,6,fasttext
440,3,CVE-2020-9480,0.93520735773608,0.18569801979550538,2,spacy
441,3,CVE-2020-9480,0.8957198151406981,0.2580383459408112,2,fasttext
442,3,CVE-2014-0193,0.8389287183822443,0.4349532972805199,1,spacy
443,3,CVE-2014-0193,0.8389287340834082,0.6833180701243069,1,fasttext
444,3,CVE-2014-3488,1.0,0.12690144534099934,1,spacy
445,3,CVE-2014-3488,0.8773581636248258,0.5829548541280725,1,fasttext
446,3,CVE-2016-4970,1.0,0.7069479387925646,2,spacy
447,3,CVE-2016-4970,1.0,0.6163639227549235,2,fasttext
448,3,CVE-2019-16869,0.8677720753342093,0.4066122337836777,2,spacy
449,3,CVE-2019-16869,0.8677720903080739,0.16579069530984697,2,fasttext
450,3,CVE-2019-20445,0.9966970334740488,0.6576457031429989,1,spacy
451,3,CVE-2019-20445,0.9966970323210128,0.17314191305766902,1,fasttext
452,3,CVE-2019-9512,1.0,0.11967881970534723,1,spacy
453,3,CVE-2019-9512,1.0,0.2383386922366243,1,fasttext
454,3,CVE-2019-9514,1.0,0.12948960470627435,1,spacy
455,3,CVE-2019-9514,1.0,0.3841757609890592,1,fasttext
456,3,CVE-2019-9515,1.0,0.12416282595618044,1,spacy
457,3,CVE-2019-9515,1.0,0.47740288816857396,1,fasttext
458,3,CVE-2019-9518,1.0,0.3161569428836113,1,spacy
459,3,CVE-2019-9518,1.0,0.3784486297796562,1,fasttext
460,3,CVE-2020-11612,1.0,0.4219108184746264,1,spacy
461,3,CVE-2020-11612,1.0,0.08227475321989475,1,fasttext
462,3,CVE-2020-7238,1.0,0.3889227456244113,1,spacy
463,3,CVE-2020-7238,1.0,0.5126494905628569,1,fasttext
464,3,CVE-2017-18349,1.0,0.6740174834403176,1,spacy
465,3,CVE-2017-18349,1.0,0.6740174028806574,1,fasttext
466,3,CVE-2017-12610,1.0,0.5037350264094215,3,spacy
467,3,CVE-2017-12610,1.0,0.5282837880982293,3,fasttext
468,3,CVE-2018-17196,1.0,0.4102431930184701,1,spacy
469,3,CVE-2018-17196,1.0,0.42999032139778137,1,fasttext
470,3,CVE-2019-12399,0.9776733927555912,0.731162468144221,4,spacy
471,3,CVE-2019-12399,0.9776733927428722,0.5357376312216123,4,fasttext
472,3,CVE-2018-17297,0.8714687741457899,0.6821586807882595,3,spacy
473,3,CVE-2018-17297,0.875591499123225,0.6926031283164275,3,fasttext
474,3,CVE-2020-13921,1.0,0.8860244370447513,1,spacy
475,3,CVE-2020-13921,1.0000000000000002,0.38031941052451,1,fasttext
476,3,CVE-2020-9483,1.0,0.19599841115790975,1,spacy
477,3,CVE-2020-9483,1.0,0.1415883232352383,1,fasttext
478,3,CVE-2020-1960,0.9956901047396237,0.3034978812284858,11,spacy
479,3,CVE-2020-1960,0.9962766516907325,0.30391106633974424,11,fasttext
480,3,CVE-2019-17572,1.0,1.0,1,spacy
481,3,CVE-2019-17572,1.0,0.5987640566348544,1,fasttext
482,3,CVE-2020-12480,0.9600292676452558,0.6712670801442322,1,spacy
483,3,CVE-2020-12480,0.960029371649632,0.671267111525563,1,fasttext
484,3,CVE-2017-7669,0.9650059184089016,0.5658078616529983,2,spacy
485,3,CVE-2017-7669,0.979419604564748,0.7409719312671622,2,fasttext
486,3,CVE-2018-11768,1.0,0.3835051878176017,1,spacy
487,3,CVE-2018-11768,1.0,0.31469500614663565,1,fasttext
488,3,CVE-2018-8009,1.0,0.4527515549162798,13,spacy
489,3,CVE-2018-8009,1.0,0.5080381876863082,13,fasttext
490,3,CVE-2018-12541,1.0,0.389239785710877,1,spacy
491,3,CVE-2018-12541,1.0,0.6132667354717054,1,fasttext
492,3,CVE-2020-1958,0.8468820472521317,0.22700329911070474,1,spacy
493,3,CVE-2020-1958,0.9755470054216724,0.331397095775602,1,fasttext
494,3,CVE-2018-11248,0.8864644178395089,0.7709041895115369,1,spacy
495,3,CVE-2018-11248,0.8583664170761196,0.506635577684877,1,fasttext
496,3,CVE-2017-5637,1.0,0.11249761545276145,1,spacy
497,3,CVE-2017-5637,1.0,0.14868781001876166,1,fasttext
498,3,CVE-2019-0201,1.0,0.27974994869309433,3,spacy
499,3,CVE-2019-0201,1.0,0.29599699117549766,3,fasttext
500,3,CVE-2016-9177,1.0,0.5003088163955903,1,spacy
501,3,CVE-2016-9177,1.0,0.5777822949327218,1,fasttext
502,3,CVE-2018-9159,0.7384579578718358,0.5258329272706941,2,spacy
503,3,CVE-2018-9159,0.8200088212798344,0.6928623191641026,2,fasttext
504,4,CVE-2015-1427,0.6871245410595425,0.18574448894587722,3,spacy
505,4,CVE-2015-1427,0.6871245460410819,0.15793604586424106,3,fasttext
506,4,CVE-2015-5531,0.7726663619802105,0.8423425067082777,1,spacy
507,4,CVE-2015-5531,0.7726664426370389,0.27096112210839896,1,fasttext
508,4,CVE-2019-7619,1.0,0.20947413788602853,1,spacy
509,4,CVE-2019-7619,1.0,0.4804323374730086,1,fasttext
510,4,CVE-2020-7009,1.0,0.34522328650953765,3,spacy
511,4,CVE-2020-7009,1.0,0.35134359914739033,3,fasttext
512,4,CVE-2020-7019,0.967254649733342,0.33614076330873705,3,spacy
513,4,CVE-2020-7019,1.0000000000000002,0.643663452778284,3,fasttext
514,4,CVE-2013-4152,0.6530571183192294,0.4845052055098797,1,spacy
515,4,CVE-2013-4152,0.6214915216799353,0.4534582020439977,1,fasttext
516,4,CVE-2013-6429,1.0,0.6432053985627136,2,spacy
517,4,CVE-2013-6429,0.9644289621924632,0.5893984147478274,2,fasttext
518,4,CVE-2013-7315,1.0,0.5711754704200175,1,spacy
519,4,CVE-2013-7315,1.0,0.5789315818438099,1,fasttext
520,4,CVE-2014-0054,1.0,0.5467345424412935,2,spacy
521,4,CVE-2014-0054,1.0,0.5169283512444401,2,fasttext
522,4,CVE-2014-1904,0.9426882980512273,0.4915097738871652,2,spacy
523,4,CVE-2014-1904,0.9414774913090437,0.4995161267422542,2,fasttext
524,4,CVE-2014-3578,0.35718759140092954,0.41668171254178343,2,spacy
525,4,CVE-2014-3578,0.3571876529751805,0.20088774359871578,2,fasttext
526,4,CVE-2014-3625,0.9449012244327291,0.616835365170881,3,spacy
527,4,CVE-2014-3625,0.9433105973052801,0.5786364986630504,3,fasttext
528,4,CVE-2015-0201,0.8591152904857832,0.2734360542327948,2,spacy
529,4,CVE-2015-0201,0.8591152868546214,0.4011808885917524,2,fasttext
530,4,CVE-2015-3192,1.0,0.2507266751424935,1,spacy
531,4,CVE-2015-3192,1.0,0.4103979276375379,1,fasttext
532,4,CVE-2016-5007,1.0,0.3246259228708387,1,spacy
533,4,CVE-2016-5007,1.0,0.6382101114760206,1,fasttext
534,4,CVE-2016-9878,0.9299344755016589,0.4394526676898969,3,spacy
535,4,CVE-2016-9878,0.9299344611416939,0.43760443921205067,3,fasttext
536,4,CVE-2018-11039,1.0,0.6849452211677605,2,spacy
537,4,CVE-2018-11039,1.0,0.7101142063771848,2,fasttext
538,4,CVE-2018-11040,0.9060303278205395,0.5822244703804939,2,spacy
539,4,CVE-2018-11040,0.9060303170829859,0.5200011045385301,2,fasttext
540,4,CVE-2018-1257,1.0,0.21412247349882826,2,spacy
541,4,CVE-2018-1257,1.0,0.6033504675117245,2,fasttext
542,4,CVE-2018-1270,0.31790809147068194,0.17639604744473186,3,spacy
543,4,CVE-2018-1270,0.5039844290196637,0.23562066438971202,3,fasttext
544,4,CVE-2018-1271,0.897809887706478,0.49555071052784583,7,spacy
545,4,CVE-2018-1271,0.8978098795908399,0.43113825472929096,7,fasttext
546,4,CVE-2018-1272,1.0,0.2825598760796986,2,spacy
547,4,CVE-2018-1272,1.0,0.5049292169797902,2,fasttext
548,4,CVE-2018-1275,0.2284186601723809,0.31346282397592135,2,spacy
549,4,CVE-2018-1275,0.43890792632798104,0.16377260675355834,2,fasttext
550,4,CVE-2018-15756,1.0,0.3113954058297978,3,spacy
551,4,CVE-2018-15756,1.0,0.5131246957661297,3,fasttext
552,4,CVE-2020-5397,1.0,0.2743374417297938,1,spacy
553,4,CVE-2020-5397,1.0,0.22693698617757785,1,fasttext
554,4,CVE-2020-5398,1.0,0.4991541091473777,1,spacy
555,4,CVE-2020-5398,1.0,0.33282007532570995,1,fasttext
556,4,CVE-2018-10237,1.0,0.4184115779409102,1,spacy
557,4,CVE-2018-10237,1.0,0.2505172741355999,1,fasttext
558,4,CVE-2016-2402,1.0,0.4281105106421431,3,spacy
559,4,CVE-2016-2402,1.0,0.2924131654922563,3,fasttext
560,4,CVE-2018-1000844,0.3689281080403053,0.17685528410332885,1,spacy
561,4,CVE-2018-1000844,0.7018767356927351,0.0965926400414554,1,fasttext
562,4,CVE-2018-1000850,1.0,0.40328196638139024,1,spacy
563,4,CVE-2018-1000850,1.0,0.7907525890972975,1,fasttext
564,4,CVE-2017-12612,0.7648499001001436,0.24929861193733618,6,spacy
565,4,CVE-2017-12612,0.8083203867135246,0.22758540863389579,6,fasttext
566,4,CVE-2020-9480,0.93520735773608,0.7762479170083467,2,spacy
567,4,CVE-2020-9480,0.8957198151406981,0.20389911431604327,2,fasttext
568,4,CVE-2014-0193,0.8389287183822443,0.3771909902752513,1,spacy
569,4,CVE-2014-0193,0.8389287340834082,0.4009932343948621,1,fasttext
570,4,CVE-2014-3488,1.0,0.2760699180825331,1,spacy
571,4,CVE-2014-3488,0.8773581636248258,0.5829548541280725,1,fasttext
572,4,CVE-2016-4970,1.0,0.8108388187980641,2,spacy
573,4,CVE-2016-4970,1.0,0.4428687327437932,2,fasttext
574,4,CVE-2019-16869,0.8677720753342093,0.35105820085784345,2,spacy
575,4,CVE-2019-16869,0.8677720903080739,0.12108829821318734,2,fasttext
576,4,CVE-2019-20445,0.9966970334740488,0.10075852138665996,1,spacy
577,4,CVE-2019-20445,0.9966970323210128,0.12337418369069784,1,fasttext
578,4,CVE-2019-9512,1.0,0.19232027712589092,1,spacy
579,4,CVE-2019-9512,1.0,0.4274905803249773,1,fasttext
580,4,CVE-2019-9514,1.0,0.19136925382575487,1,spacy
581,4,CVE-2019-9514,1.0,0.17483787609402268,1,fasttext
582,4,CVE-2019-9515,1.0,0.08738259177423036,1,spacy
583,4,CVE-2019-9515,1.0,0.10121672151161942,1,fasttext
584,4,CVE-2019-9518,1.0,0.3719858584399859,1,spacy
585,4,CVE-2019-9518,1.0,0.391032369570252,1,fasttext
586,4,CVE-2020-11612,1.0,0.41827701961324,1,spacy
587,4,CVE-2020-11612,1.0,0.10936637787148973,1,fasttext
588,4,CVE-2020-7238,1.0,0.37973630514411466,1,spacy
589,4,CVE-2020-7238,1.0,0.3824945688262267,1,fasttext
590,4,CVE-2017-18349,1.0,0.8563949926645646,1,spacy
591,4,CVE-2017-18349,1.0,0.8563950328046244,1,fasttext
592,4,CVE-2017-12610,1.0,0.4995314829407472,3,spacy
593,4,CVE-2017-12610,1.0,0.53267945183648,3,fasttext
594,4,CVE-2018-17196,1.0,0.6648736198376494,1,spacy
595,4,CVE-2018-17196,1.0,0.6648736298084259,1,fasttext
596,4,CVE-2019-12399,0.9776733927555912,0.6460435624057362,4,spacy
597,4,CVE-2019-12399,0.9776733927428722,0.5683871110280354,4,fasttext
598,4,CVE-2018-17297,0.8714687741457899,0.700592244229215,3,spacy
599,4,CVE-2018-17297,0.875591499123225,0.6358646405896983,3,fasttext
600,4,CVE-2020-13921,1.0,0.26171592658924714,1,spacy
601,4,CVE-2020-13921,1.0000000000000002,0.4260580340463683,1,fasttext
602,4,CVE-2020-9483,1.0,0.062113327707142015,1,spacy
603,4,CVE-2020-9483,1.0,0.12513699963254232,1,fasttext
604,4,CVE-2020-1960,0.9956901047396237,0.40157302952279994,11,spacy
605,4,CVE-2020-1960,0.9962766516907325,0.3223889725177985,11,fasttext
606,4,CVE-2019-17572,1.0,1.0,1,spacy
607,4,CVE-2019-17572,1.0,0.19781977020420385,1,fasttext
608,4,CVE-2020-12480,0.9600292676452558,0.3567186860515108,1,spacy
609,4,CVE-2020-12480,0.960029371649632,0.6586788720912985,1,fasttext
610,4,CVE-2017-7669,0.9650059184089016,0.661311027059608,2,spacy
611,4,CVE-2017-7669,0.979419604564748,0.65710491317171,2,fasttext
612,4,CVE-2018-11768,1.0,0.5707324599043361,1,spacy
613,4,CVE-2018-11768,1.0,0.434729642588682,1,fasttext
614,4,CVE-2018-8009,1.0,0.4560792900117167,13,spacy
615,4,CVE-2018-8009,1.0,0.44532381570128643,13,fasttext
616,4,CVE-2018-12541,1.0,0.2302922566222884,1,spacy
617,4,CVE-2018-12541,1.0,0.3841271514536664,1,fasttext
618,4,CVE-2020-1958,0.8468820472521317,0.7309180103634534,1,spacy
619,4,CVE-2020-1958,0.9755470054216724,0.2378993651919747,1,fasttext
620,4,CVE-2018-11248,0.8864644178395089,0.4544025511806975,1,spacy
621,4,CVE-2018-11248,0.8583664170761196,0.7142069147315713,1,fasttext
622,4,CVE-2017-5637,1.0,0.10861182282115056,1,spacy
623,4,CVE-2017-5637,1.0,0.17645886539980982,1,fasttext
624,4,CVE-2019-0201,1.0,0.31894175647021844,3,spacy
625,4,CVE-2019-0201,1.0,0.37157226431096474,3,fasttext
626,4,CVE-2016-9177,1.0,0.7542079935848494,1,spacy
627,4,CVE-2016-9177,1.0,0.8454960043527119,1,fasttext
628,4,CVE-2018-9159,0.7384579578718358,0.7110904046384745,2,spacy
629,4,CVE-2018-9159,0.8200088212798344,0.6014453469250362,2,fasttext
630,5,CVE-2015-1427,0.6871245410595425,0.22930279750974114,3,spacy
631,5,CVE-2015-1427,0.6871245460410819,0.19226559787300898,3,fasttext
632,5,CVE-2015-5531,0.7726663619802105,0.3688050843456572,1,spacy
633,5,CVE-2015-5531,0.7726664426370389,0.5056615787437888,1,fasttext
634,5,CVE-2019-7619,1.0,0.08027282128886437,1,spacy
635,5,CVE-2019-7619,1.0,0.5013284680783003,1,fasttext
636,5,CVE-2020-7009,1.0,0.26842958251830956,3,spacy
637,5,CVE-2020-7009,1.0,0.4411015893153154,3,fasttext
638,5,CVE-2020-7019,0.967254649733342,0.34867112091330416,3,spacy
639,5,CVE-2020-7019,1.0000000000000002,0.38362796661951387,3,fasttext
640,5,CVE-2013-4152,0.6530571183192294,0.4356551333926322,1,spacy
641,5,CVE-2013-4152,0.6214915216799353,0.4152729823434496,1,fasttext
642,5,CVE-2013-6429,1.0,0.5531381852180831,2,spacy
643,5,CVE-2013-6429,0.9644289621924632,0.4562749823350914,2,fasttext
644,5,CVE-2013-7315,1.0,0.6052728604621007,1,spacy
645,5,CVE-2013-7315,1.0,0.38595811296430615,1,fasttext
646,5,CVE-2014-0054,1.0,0.5613999924913176,2,spacy
647,5,CVE-2014-0054,1.0,0.548700126096854,2,fasttext
648,5,CVE-2014-1904,0.9426882980512273,0.51460113743344,2,spacy
649,5,CVE-2014-1904,0.9414774913090437,0.4471345092276605,2,fasttext
650,5,CVE-2014-3578,0.35718759140092954,0.19881927390777068,2,spacy
651,5,CVE-2014-3578,0.3571876529751805,0.37648083136465926,2,fasttext
652,5,CVE-2014-3625,0.9449012244327291,0.6106659466482975,3,spacy
653,5,CVE-2014-3625,0.9433105973052801,0.6532502122403242,3,fasttext
654,5,CVE-2015-0201,0.8591152904857832,0.4669055494751918,2,spacy
655,5,CVE-2015-0201,0.8591152868546214,0.5126245861834083,2,fasttext
656,5,CVE-2015-3192,1.0,0.18830420680240126,1,spacy
657,5,CVE-2015-3192,1.0,0.19356754725212424,1,fasttext
658,5,CVE-2016-5007,1.0,0.6082528658359702,1,spacy
659,5,CVE-2016-5007,1.0,0.2518001341980697,1,fasttext
660,5,CVE-2016-9878,0.9299344755016589,0.5398582081312335,3,spacy
661,5,CVE-2016-9878,0.9299344611416939,0.39084922127006294,3,fasttext
662,5,CVE-2018-11039,1.0,0.3618905288967229,2,spacy
663,5,CVE-2018-11039,1.0,0.48086916634747146,2,fasttext
664,5,CVE-2018-11040,0.9060303278205395,0.43624111488497946,2,spacy
665,5,CVE-2018-11040,0.9060303170829859,0.5014298491870393,2,fasttext
666,5,CVE-2018-1257,1.0,0.38570119460113883,2,spacy
667,5,CVE-2018-1257,1.0,0.16707279837849223,2,fasttext
668,5,CVE-2018-1270,0.31790809147068194,0.2488017077283354,3,spacy
669,5,CVE-2018-1270,0.5039844290196637,0.19907343462847452,3,fasttext
670,5,CVE-2018-1271,0.897809887706478,0.46097213633222356,7,spacy
671,5,CVE-2018-1271,0.8978098795908399,0.41672035520492345,7,fasttext
672,5,CVE-2018-1272,1.0,0.7265777679647213,2,spacy
673,5,CVE-2018-1272,1.0,0.6218070317000198,2,fasttext
674,5,CVE-2018-1275,0.2284186601723809,0.2663308710296295,2,spacy
675,5,CVE-2018-1275,0.43890792632798104,0.3822028618067281,2,fasttext
676,5,CVE-2018-15756,1.0,0.372054168706019,3,spacy
677,5,CVE-2018-15756,1.0,0.36071418656455206,3,fasttext
678,5,CVE-2020-5397,1.0,0.2428482386894607,1,spacy
679,5,CVE-2020-5397,1.0,0.293579976368644,1,fasttext
680,5,CVE-2020-5398,1.0,0.2168413698068368,1,spacy
681,5,CVE-2020-5398,1.0,0.2790382046679219,1,fasttext
682,5,CVE-2018-10237,1.0,0.2266966512029298,1,spacy
683,5,CVE-2018-10237,1.0,0.33022169995673445,1,fasttext
684,5,CVE-2016-2402,1.0,0.3293346261112856,3,spacy
685,5,CVE-2016-2402,1.0,0.370711127213802,3,fasttext
686,5,CVE-2018-1000844,0.3689281080403053,0.010427282280001449,1,spacy
687,5,CVE-2018-1000844,0.7018767356927351,0.283993094205383,1,fasttext
688,5,CVE-2018-1000850,1.0,0.937295125565054,1,spacy
689,5,CVE-2018-1000850,1.0,0.9372951253710248,1,fasttext
690,5,CVE-2017-12612,0.7648499001001436,0.27394116477293107,6,spacy
691,5,CVE-2017-12612,0.8083203867135246,0.22444505531702486,6,fasttext
692,5,CVE-2020-9480,0.93520735773608,0.5247367687330062,2,spacy
693,5,CVE-2020-9480,0.8957198151406981,0.26409142526171436,2,fasttext
694,5,CVE-2014-0193,0.8389287183822443,0.4273969865635427,1,spacy
695,5,CVE-2014-0193,0.8389287340834082,0.2745412857439988,1,fasttext
696,5,CVE-2014-3488,1.0,0.2600757231373661,1,spacy
697,5,CVE-2014-3488,0.8773581636248258,0.5165352685957779,1,fasttext
698,5,CVE-2016-4970,1.0,0.39079942843671406,2,spacy
699,5,CVE-2016-4970,1.0,0.4752894772423639,2,fasttext
700,5,CVE-2019-16869,0.8677720753342093,0.13764339784362598,2,spacy
701,5,CVE-2019-16869,0.8677720903080739,0.30712052815330315,2,fasttext
702,5,CVE-2019-20445,0.9966970334740488,0.6798380300655139,1,spacy
703,5,CVE-2019-20445,0.9966970323210128,0.5475886973077302,1,fasttext
704,5,CVE-2019-9512,1.0,0.17524417904920309,1,spacy
705,5,CVE-2019-9512,1.0,0.12048382313026107,1,fasttext
706,5,CVE-2019-9514,1.0,0.2948415457553405,1,spacy
707,5,CVE-2019-9514,1.0,0.2928547129358282,1,fasttext
708,5,CVE-2019-9515,1.0,0.4063861862749556,1,spacy
709,5,CVE-2019-9515,1.0,0.2837249939515426,1,fasttext
710,5,CVE-2019-9518,1.0,0.7669751881122167,1,spacy
711,5,CVE-2019-9518,1.0,0.17790213988694492,1,fasttext
712,5,CVE-2020-11612,1.0,0.4017737286587625,1,spacy
713,5,CVE-2020-11612,1.0,0.1837288474579816,1,fasttext
714,5,CVE-2020-7238,1.0,0.4937111829534242,1,spacy
715,5,CVE-2020-7238,1.0,0.5659827045668706,1,fasttext
716,5,CVE-2017-18349,1.0,0.6740174834403176,1,spacy
717,5,CVE-2017-18349,1.0,0.24093950171773426,1,fasttext
718,5,CVE-2017-12610,1.0,0.5423550592101042,3,spacy
719,5,CVE-2017-12610,1.0,0.4925773176882002,3,fasttext
720,5,CVE-2018-17196,1.0,0.4815334631866012,1,spacy
721,5,CVE-2018-17196,1.0,0.4389067441225052,1,fasttext
722,5,CVE-2019-12399,0.9776733927555912,0.5567927007749216,4,spacy
723,5,CVE-2019-12399,0.9776733927428722,0.5813813333710034,4,fasttext
724,5,CVE-2018-17297,0.8714687741457899,0.7278395413967326,3,spacy
725,5,CVE-2018-17297,0.875591499123225,0.601120608170009,3,fasttext
726,5,CVE-2020-13921,1.0,0.1263857524720814,1,spacy
727,5,CVE-2020-13921,1.0000000000000002,0.14817318155902864,1,fasttext
728,5,CVE-2020-9483,1.0,0.12515628802411255,1,spacy
729,5,CVE-2020-9483,1.0,0.17012237683036713,1,fasttext
730,5,CVE-2020-1960,0.9956901047396237,0.32627873643844185,11,spacy
731,5,CVE-2020-1960,0.9962766516907325,0.2922142132800085,11,fasttext
732,5,CVE-2019-17572,1.0,0.2933974603341272,1,spacy
733,5,CVE-2019-17572,1.0,1.0,1,fasttext
734,5,CVE-2020-12480,0.9600292676452558,0.8912422711820522,1,spacy
735,5,CVE-2020-12480,0.960029371649632,0.2699049447094305,1,fasttext
736,5,CVE-2017-7669,0.9650059184089016,0.6068069726841754,2,spacy
737,5,CVE-2017-7669,0.979419604564748,0.703151577181221,2,fasttext
738,5,CVE-2018-11768,1.0,0.3131678782804926,1,spacy
739,5,CVE-2018-11768,1.0,0.3475687955398725,1,fasttext
740,5,CVE-2018-8009,1.0,0.4715601471907541,13,spacy
741,5,CVE-2018-8009,1.0,0.5298210621934415,13,fasttext
742,5,CVE-2018-12541,1.0,0.4219558574021913,1,spacy
743,5,CVE-2018-12541,1.0,0.4578809842612906,1,fasttext
744,5,CVE-2020-1958,0.8468820472521317,0.17228788385839391,1,spacy
745,5,CVE-2020-1958,0.9755470054216724,0.2396964439807275,1,fasttext
746,5,CVE-2018-11248,0.8864644178395089,0.4050181539285296,1,spacy
747,5,CVE-2018-11248,0.8583664170761196,0.7142069147315713,1,fasttext
748,5,CVE-2017-5637,1.0,0.2382974921937733,1,spacy
749,5,CVE-2017-5637,1.0,0.14779757907480465,1,fasttext
750,5,CVE-2019-0201,1.0,0.35620347232532595,3,spacy
751,5,CVE-2019-0201,1.0,0.3930672532784492,3,fasttext
752,5,CVE-2016-9177,1.0,0.4637725102001918,1,spacy
753,5,CVE-2016-9177,1.0,0.7497192372216357,1,fasttext
754,5,CVE-2018-9159,0.7384579578718358,0.5994779564366999,2,spacy
755,5,CVE-2018-9159,0.8200088212798344,0.7654207860271598,2,fasttext
756,6,CVE-2015-1427,0.6871245410595425,0.18693242918662634,3,spacy
757,6,CVE-2015-1427,0.6871245460410819,0.19069648235883271,3,fasttext
758,6,CVE-2015-5531,0.7726663619802105,0.1885262346134653,1,spacy
759,6,CVE-2015-5531,0.7726664426370389,0.4751023272827832,1,fasttext
760,6,CVE-2019-7619,1.0,0.4763875013992358,1,spacy
761,6,CVE-2019-7619,1.0,0.4608056690852396,1,fasttext
762,6,CVE-2020-7009,1.0,0.26336749252188524,3,spacy
763,6,CVE-2020-7009,1.0,0.22797740176265546,3,fasttext
764,6,CVE-2020-7019,0.967254649733342,0.3749517204184924,3,spacy
765,6,CVE-2020-7019,1.0000000000000002,0.527865986456761,3,fasttext
766,6,CVE-2013-4152,0.6530571183192294,0.601761778795275,1,spacy
767,6,CVE-2013-4152,0.6214915216799353,0.3397468611728366,1,fasttext
768,6,CVE-2013-6429,1.0,0.61258736968971,2,spacy
769,6,CVE-2013-6429,0.9644289621924632,0.7287374337796796,2,fasttext
770,6,CVE-2013-7315,1.0,0.4611744785727151,1,spacy
771,6,CVE-2013-7315,1.0,0.5572457223978607,1,fasttext
772,6,CVE-2014-0054,1.0,0.5097530325330601,2,spacy
773,6,CVE-2014-0054,1.0,0.5879307965185536,2,fasttext
774,6,CVE-2014-1904,0.9426882980512273,0.5295297237164056,2,spacy
775,6,CVE-2014-1904,0.9414774913090437,0.4275467988809316,2,fasttext
776,6,CVE-2014-3578,0.35718759140092954,0.22849420876309287,2,spacy
777,6,CVE-2014-3578,0.3571876529751805,0.46384999325834947,2,fasttext
778,6,CVE-2014-3625,0.9449012244327291,0.5929531585910995,3,spacy
779,6,CVE-2014-3625,0.9433105973052801,0.601314722464731,3,fasttext
780,6,CVE-2015-0201,0.8591152904857832,0.25720251978072856,2,spacy
781,6,CVE-2015-0201,0.8591152868546214,0.6240086842670708,2,fasttext
782,6,CVE-2015-3192,1.0,0.04391099773198648,1,spacy
783,6,CVE-2015-3192,1.0,0.22646940249769695,1,fasttext
784,6,CVE-2016-5007,1.0,0.4864008369450816,1,spacy
785,6,CVE-2016-5007,1.0,0.4123680835769852,1,fasttext
786,6,CVE-2016-9878,0.9299344755016589,0.3966844168706998,3,spacy
787,6,CVE-2016-9878,0.9299344611416939,0.6414317304698959,3,fasttext
788,6,CVE-2018-11039,1.0,0.4712918738586045,2,spacy
789,6,CVE-2018-11039,1.0,0.4114787376836512,2,fasttext
790,6,CVE-2018-11040,0.9060303278205395,0.5008698578661029,2,spacy
791,6,CVE-2018-11040,0.9060303170829859,0.532589266614374,2,fasttext
792,6,CVE-2018-1257,1.0,0.11025225035976398,2,spacy
793,6,CVE-2018-1257,1.0,0.4806755931854956,2,fasttext
794,6,CVE-2018-1270,0.31790809147068194,0.25121268324151425,3,spacy
795,6,CVE-2018-1270,0.5039844290196637,0.25626804710375983,3,fasttext
796,6,CVE-2018-1271,0.897809887706478,0.4970838795426944,7,spacy
797,6,CVE-2018-1271,0.8978098795908399,0.4473391354100272,7,fasttext
798,6,CVE-2018-1272,1.0,0.4635411135884148,2,spacy
799,6,CVE-2018-1272,1.0,0.5839979024540122,2,fasttext
800,6,CVE-2018-1275,0.2284186601723809,0.2826961419053962,2,spacy
801,6,CVE-2018-1275,0.43890792632798104,0.4314301721732887,2,fasttext
802,6,CVE-2018-15756,1.0,0.3538527821504634,3,spacy
803,6,CVE-2018-15756,1.0,0.3401215974457146,3,fasttext
804,6,CVE-2020-5397,1.0,0.28642686346189217,1,spacy
805,6,CVE-2020-5397,1.0,0.2666350014026352,1,fasttext
806,6,CVE-2020-5398,1.0,0.6422571421598025,1,spacy
807,6,CVE-2020-5398,1.0,0.7140179948524983,1,fasttext
808,6,CVE-2018-10237,1.0,0.2230660399806984,1,spacy
809,6,CVE-2018-10237,1.0,0.12537273125142326,1,fasttext
810,6,CVE-2016-2402,1.0,0.2519249777434281,3,spacy
811,6,CVE-2016-2402,1.0,0.2877331264587091,3,fasttext
812,6,CVE-2018-1000844,0.3689281080403053,0.07523704274806875,1,spacy
813,6,CVE-2018-1000844,0.7018767356927351,0.34011111147559697,1,fasttext
814,6,CVE-2018-1000850,1.0,0.3601217613379659,1,spacy
815,6,CVE-2018-1000850,1.0,0.5633782806585971,1,fasttext
816,6,CVE-2017-12612,0.7648499001001436,0.18784397659359806,6,spacy
817,6,CVE-2017-12612,0.8083203867135246,0.30387069215088625,6,fasttext
818,6,CVE-2020-9480,0.93520735773608,0.23861986301704213,2,spacy
819,6,CVE-2020-9480,0.8957198151406981,0.4098400083167656,2,fasttext
820,6,CVE-2014-0193,0.8389287183822443,0.6833180970803743,1,spacy
821,6,CVE-2014-0193,0.8389287340834082,0.12040551203463208,1,fasttext
822,6,CVE-2014-3488,1.0,0.3510234904370749,1,spacy
823,6,CVE-2014-3488,0.8773581636248258,0.7055966905032467,1,fasttext
824,6,CVE-2016-4970,1.0,0.7944881543639722,2,spacy
825,6,CVE-2016-4970,1.0,0.41053499446974856,2,fasttext
826,6,CVE-2019-16869,0.8677720753342093,0.4004605028306119,2,spacy
827,6,CVE-2019-16869,0.8677720903080739,0.3408625297551625,2,fasttext
828,6,CVE-2019-20445,0.9966970334740488,0.16013825459975514,1,spacy
829,6,CVE-2019-20445,0.9966970323210128,0.1737691903384121,1,fasttext
830,6,CVE-2019-9512,1.0,0.15020132388640015,1,spacy
831,6,CVE-2019-9512,1.0,0.2222701757809145,1,fasttext
832,6,CVE-2019-9514,1.0,0.18981298326593288,1,spacy
833,6,CVE-2019-9514,1.0,0.25622211215305923,1,fasttext
834,6,CVE-2019-9515,1.0,0.6786301278853232,1,spacy
835,6,CVE-2019-9515,1.0,0.1866729982018771,1,fasttext
836,6,CVE-2019-9518,1.0,0.3997501600672658,1,spacy
837,6,CVE-2019-9518,1.0,0.3784486297796562,1,fasttext
838,6,CVE-2020-11612,1.0,0.6528991112271607,1,spacy
839,6,CVE-2020-11612,1.0,0.3057401256300921,1,fasttext
840,6,CVE-2020-7238,1.0,0.10680847777123054,1,spacy
841,6,CVE-2020-7238,1.0,0.34481863469964696,1,fasttext
842,6,CVE-2017-18349,1.0,0.8563949926645646,1,spacy
843,6,CVE-2017-18349,1.0,0.8563950328046244,1,fasttext
844,6,CVE-2017-12610,1.0,0.5355777324112914,3,spacy
845,6,CVE-2017-12610,1.0,0.5021025919251972,3,fasttext
846,6,CVE-2018-17196,1.0,0.4558577875852213,1,spacy
847,6,CVE-2018-17196,1.0,0.479659765958786,1,fasttext
848,6,CVE-2019-12399,0.9776733927555912,0.6051095070391252,4,spacy
849,6,CVE-2019-12399,0.9776733927428722,0.5709368772804737,4,fasttext
850,6,CVE-2018-17297,0.8714687741457899,0.658340918064561,3,spacy
851,6,CVE-2018-17297,0.875591499123225,0.626676661310205,3,fasttext
852,6,CVE-2020-13921,1.0,0.11140133328739332,1,spacy
853,6,CVE-2020-13921,1.0000000000000002,0.04224770957525964,1,fasttext
854,6,CVE-2020-9483,1.0,0.19599841115790975,1,spacy
855,6,CVE-2020-9483,1.0,0.4195785310753423,1,fasttext
856,6,CVE-2020-1960,0.9956901047396237,0.34836333809930964,11,spacy
857,6,CVE-2020-1960,0.9962766516907325,0.34975639136637743,11,fasttext
858,6,CVE-2019-17572,1.0,1.0,1,spacy
859,6,CVE-2019-17572,1.0,1.0,1,fasttext
860,6,CVE-2020-12480,0.9600292676452558,0.6712670801442322,1,spacy
861,6,CVE-2020-12480,0.960029371649632,0.20415593161222206,1,fasttext
862,6,CVE-2017-7669,0.9650059184089016,0.555808295034181,2,spacy
863,6,CVE-2017-7669,0.979419604564748,0.549080599264959,2,fasttext
864,6,CVE-2018-11768,1.0,0.260547117551919,1,spacy
865,6,CVE-2018-11768,1.0,0.22349769460246982,1,fasttext
866,6,CVE-2018-8009,1.0,0.4580788904326593,13,spacy
867,6,CVE-2018-8009,1.0,0.4754275600827494,13,fasttext
868,6,CVE-2018-12541,1.0,0.4192715334021263,1,spacy
869,6,CVE-2018-12541,1.0,0.4048223380936471,1,fasttext
870,6,CVE-2020-1958,0.8468820472521317,0.1636967047372265,1,spacy
871,6,CVE-2020-1958,0.9755470054216724,0.17727116871102505,1,fasttext
872,6,CVE-2018-11248,0.8864644178395089,0.7709041895115369,1,spacy
873,6,CVE-2018-11248,0.8583664170761196,0.7142069147315713,1,fasttext
874,6,CVE-2017-5637,1.0,0.14570910440259469,1,spacy
875,6,CVE-2017-5637,1.0,0.1137605928210647,1,fasttext
876,6,CVE-2019-0201,1.0,0.27866796584871945,3,spacy
877,6,CVE-2019-0201,1.0,0.3950930802451786,3,fasttext
878,6,CVE-2016-9177,1.0,0.7542079935848494,1,spacy
879,6,CVE-2016-9177,1.0,0.7303923655735844,1,fasttext
880,6,CVE-2018-9159,0.7384579578718358,0.8295959947680904,2,spacy
881,6,CVE-2018-9159,0.8200088212798344,0.6948866632557285,2,fasttext
882,7,CVE-2015-1427,0.6871245410595425,0.14852290214163208,3,spacy
883,7,CVE-2015-1427,0.6871245460410819,0.19252469979892542,3,fasttext
884,7,CVE-2015-5531,0.7726663619802105,0.14472531509428022,1,spacy
885,7,CVE-2015-5531,0.7726664426370389,0.3136085047247499,1,fasttext
886,7,CVE-2019-7619,1.0,0.8532426095951815,1,spacy
887,7,CVE-2019-7619,1.0,0.5874422808438708,1,fasttext
888,7,CVE-2020-7009,1.0,0.15880061988154023,3,spacy
889,7,CVE-2020-7009,1.0,0.5079055643637643,3,fasttext
890,7,CVE-2020-7019,0.967254649733342,0.2724483468211627,3,spacy
891,7,CVE-2020-7019,1.0000000000000002,0.3061347845134485,3,fasttext
892,7,CVE-2013-4152,0.6530571183192294,0.459538950640196,1,spacy
893,7,CVE-2013-4152,0.6214915216799353,0.3965839662314299,1,fasttext
894,7,CVE-2013-6429,1.0,0.628613185687147,2,spacy
895,7,CVE-2013-6429,0.9644289621924632,0.6370092947736806,2,fasttext
896,7,CVE-2013-7315,1.0,0.4586633140605989,1,spacy
897,7,CVE-2013-7315,1.0,0.3986898961405671,1,fasttext
898,7,CVE-2014-0054,1.0,0.5861719795231769,2,spacy
899,7,CVE-2014-0054,1.0,0.6353966142164712,2,fasttext
900,7,CVE-2014-1904,0.9426882980512273,0.47497378631125753,2,spacy
901,7,CVE-2014-1904,0.9414774913090437,0.4090742915196228,2,fasttext
902,7,CVE-2014-3578,0.35718759140092954,0.31058959362309896,2,spacy
903,7,CVE-2014-3578,0.3571876529751805,0.47404343795955434,2,fasttext
904,7,CVE-2014-3625,0.9449012244327291,0.6827780132784285,3,spacy
905,7,CVE-2014-3625,0.9433105973052801,0.6302351768477982,3,fasttext
906,7,CVE-2015-0201,0.8591152904857832,0.24422340984756985,2,spacy
907,7,CVE-2015-0201,0.8591152868546214,0.21624664565872448,2,fasttext
908,7,CVE-2015-3192,1.0,0.3999340068990049,1,spacy
909,7,CVE-2015-3192,1.0,0.2184970724440504,1,fasttext
910,7,CVE-2016-5007,1.0,0.5370860385455896,1,spacy
911,7,CVE-2016-5007,1.0,0.6814193273382416,1,fasttext
912,7,CVE-2016-9878,0.9299344755016589,0.41075646122859194,3,spacy
913,7,CVE-2016-9878,0.9299344611416939,0.40793797218994854,3,fasttext
914,7,CVE-2018-11039,1.0,0.41830088019377165,2,spacy
915,7,CVE-2018-11039,1.0,0.3050590924153418,2,fasttext
916,7,CVE-2018-11040,0.9060303278205395,0.595375736279835,2,spacy
917,7,CVE-2018-11040,0.9060303170829859,0.4518198698634565,2,fasttext
918,7,CVE-2018-1257,1.0,0.35504202181347266,2,spacy
919,7,CVE-2018-1257,1.0,0.16272426710160046,2,fasttext
920,7,CVE-2018-1270,0.31790809147068194,0.21981450004932865,3,spacy
921,7,CVE-2018-1270,0.5039844290196637,0.17624660483379126,3,fasttext
922,7,CVE-2018-1271,0.897809887706478,0.44547267675092805,7,spacy
923,7,CVE-2018-1271,0.8978098795908399,0.4790064415569387,7,fasttext
924,7,CVE-2018-1272,1.0,0.31241536619791815,2,spacy
925,7,CVE-2018-1272,1.0,0.6184512615608568,2,fasttext
926,7,CVE-2018-1275,0.2284186601723809,0.12937974228187427,2,spacy
927,7,CVE-2018-1275,0.43890792632798104,0.25276012424714706,2,fasttext
928,7,CVE-2018-15756,1.0,0.3992217069454729,3,spacy
929,7,CVE-2018-15756,1.0,0.35769653923631456,3,fasttext
930,7,CVE-2020-5397,1.0,0.2308754166700861,1,spacy
931,7,CVE-2020-5397,1.0,0.1385845947746175,1,fasttext
932,7,CVE-2020-5398,1.0,0.31271508651292657,1,spacy
933,7,CVE-2020-5398,1.0,0.17262643119930388,1,fasttext
934,7,CVE-2018-10237,1.0,0.43392414735134266,1,spacy
935,7,CVE-2018-10237,1.0,0.4611168261130421,1,fasttext
936,7,CVE-2016-2402,1.0,0.4368619187050181,3,spacy
937,7,CVE-2016-2402,1.0,0.19306117766795805,3,fasttext
938,7,CVE-2018-1000844,0.3689281080403053,0.0,1,spacy
939,7,CVE-2018-1000844,0.7018767356927351,0.21007709699752564,1,fasttext
940,7,CVE-2018-1000850,1.0,0.8463859609784907,1,spacy
941,7,CVE-2018-1000850,1.0,0.5507604235121937,1,fasttext
942,7,CVE-2017-12612,0.7648499001001436,0.19067933901283368,6,spacy
943,7,CVE-2017-12612,0.8083203867135246,0.2503123558874861,6,fasttext
944,7,CVE-2020-9480,0.93520735773608,0.11907590978395366,2,spacy
945,7,CVE-2020-9480,0.8957198151406981,0.27266053503388044,2,fasttext
946,7,CVE-2014-0193,0.8389287183822443,0.3682227187490196,1,spacy
947,7,CVE-2014-0193,0.8389287340834082,0.5862503334158821,1,fasttext
948,7,CVE-2014-3488,1.0,0.028896642997618963,1,spacy
949,7,CVE-2014-3488,0.8773581636248258,0.5829548541280725,1,fasttext
950,7,CVE-2016-4970,1.0,0.6486357305022489,2,spacy
951,7,CVE-2016-4970,1.0,0.45298004150390625,2,fasttext
952,7,CVE-2019-16869,0.8677720753342093,0.3739861569344726,2,spacy
953,7,CVE-2019-16869,0.8677720903080739,0.35306032701806483,2,fasttext
954,7,CVE-2019-20445,0.9966970334740488,0.5561755073396827,1,spacy
955,7,CVE-2019-20445,0.9966970323210128,0.7775136250939902,1,fasttext
956,7,CVE-2019-9512,1.0,0.4226631405208787,1,spacy
957,7,CVE-2019-9512,1.0,0.12523125647646538,1,fasttext
958,7,CVE-2019-9514,1.0,0.04688037587846017,1,spacy
959,7,CVE-2019-9514,1.0,0.39447702611666347,1,fasttext
960,7,CVE-2019-9515,1.0,0.4271403492130156,1,spacy
961,7,CVE-2019-9515,1.0,0.6261786540670601,1,fasttext
962,7,CVE-2019-9518,1.0,0.17934179276475534,1,spacy
963,7,CVE-2019-9518,1.0,0.21253056832562836,1,fasttext
964,7,CVE-2020-11612,1.0,0.3436764044011433,1,spacy
965,7,CVE-2020-11612,1.0,0.29610977721865017,1,fasttext
966,7,CVE-2020-7238,1.0,0.36397294636733263,1,spacy
967,7,CVE-2020-7238,1.0,0.162211904470074,1,fasttext
968,7,CVE-2017-18349,1.0,0.8563949926645646,1,spacy
969,7,CVE-2017-18349,1.0,0.8563950328046244,1,fasttext
970,7,CVE-2017-12610,1.0,0.5108706121732526,3,spacy
971,7,CVE-2017-12610,1.0,0.541392371058464,3,fasttext
972,7,CVE-2018-17196,1.0,0.4641061643876091,1,spacy
973,7,CVE-2018-17196,1.0,0.461888462305069,1,fasttext
974,7,CVE-2019-12399,0.9776733927555912,0.5890898963157916,4,spacy
975,7,CVE-2019-12399,0.9776733927428722,0.5631745296219984,4,fasttext
976,7,CVE-2018-17297,0.8714687741457899,0.6725315066401983,3,spacy
977,7,CVE-2018-17297,0.875591499123225,0.5157193395948455,3,fasttext
978,7,CVE-2020-13921,1.0,0.17017330782361506,1,spacy
979,7,CVE-2020-13921,1.0000000000000002,0.25972419879046843,1,fasttext
980,7,CVE-2020-9483,1.0,0.19599841115790975,1,spacy
981,7,CVE-2020-9483,1.0,0.3110146697830657,1,fasttext
982,7,CVE-2020-1960,0.9956901047396237,0.41359806960792633,11,spacy
983,7,CVE-2020-1960,0.9962766516907325,0.309306807220962,11,fasttext
984,7,CVE-2019-17572,1.0,1.0,1,spacy
985,7,CVE-2019-17572,1.0,1.0,1,fasttext
986,7,CVE-2020-12480,0.9600292676452558,0.3950962402806921,1,spacy
987,7,CVE-2020-12480,0.960029371649632,0.4076606388635843,1,fasttext
988,7,CVE-2017-7669,0.9650059184089016,0.5365380289822022,2,spacy
989,7,CVE-2017-7669,0.979419604564748,0.5687780113980788,2,fasttext
990,7,CVE-2018-11768,1.0,0.42490635179378705,1,spacy
991,7,CVE-2018-11768,1.0,0.27241990038245417,1,fasttext
992,7,CVE-2018-8009,1.0,0.48242849574759084,13,spacy
993,7,CVE-2018-8009,1.0,0.47953239517982654,13,fasttext
994,7,CVE-2018-12541,1.0,0.7105792158263771,1,spacy
995,7,CVE-2018-12541,1.0,0.7004302347658082,1,fasttext
996,7,CVE-2020-1958,0.8468820472521317,0.2489759794133811,1,spacy
997,7,CVE-2020-1958,0.9755470054216724,0.2783149197524437,1,fasttext
998,7,CVE-2018-11248,0.8864644178395089,0.622970508930047,1,spacy
999,7,CVE-2018-11248,0.8583664170761196,0.7142069147315713,1,fasttext
1000,7,CVE-2017-5637,1.0,0.208235920146458,1,spacy
1001,7,CVE-2017-5637,1.0,0.19753722538151963,1,fasttext
1002,7,CVE-2019-0201,1.0,0.4899533669283505,3,spacy
1003,7,CVE-2019-0201,1.0,0.30839659260836044,3,fasttext
1004,7,CVE-2016-9177,1.0,0.8788618105221442,1,spacy
1005,7,CVE-2016-9177,1.0,0.7643844699347226,1,fasttext
1006,7,CVE-2018-9159,0.7384579578718358,0.4640969454678427,2,spacy
1007,7,CVE-2018-9159,0.8200088212798344,0.851671355917268,2,fasttext
1008,8,CVE-2015-1427,0.6871245410595425,0.17220327274914002,3,spacy
1009,8,CVE-2015-1427,0.6871245460410819,0.15703716372003043,3,fasttext
1010,8,CVE-2015-5531,0.7726663619802105,0.17502904577721812,1,spacy
1011,8,CVE-2015-5531,0.7726664426370389,0.13588406816801535,1,fasttext
1012,8,CVE-2019-7619,1.0,0.4763875013992358,1,spacy
1013,8,CVE-2019-7619,1.0,0.24675108548406355,1,fasttext
1014,8,CVE-2020-7009,1.0,0.3583779136528154,3,spacy
1015,8,CVE-2020-7009,1.0,0.36861510549011006,3,fasttext
1016,8,CVE-2020-7019,0.967254649733342,0.41325769961069764,3,spacy
1017,8,CVE-2020-7019,1.0000000000000002,0.2596271243279831,3,fasttext
1018,8,CVE-2013-4152,0.6530571183192294,0.6197304323758032,1,spacy
1019,8,CVE-2013-4152,0.6214915216799353,0.35584354156567033,1,fasttext
1020,8,CVE-2013-6429,1.0,0.6227703503137769,2,spacy
1021,8,CVE-2013-6429,0.9644289621924632,0.53068014201097,2,fasttext
1022,8,CVE-2013-7315,1.0,0.5778227598823378,1,spacy
1023,8,CVE-2013-7315,1.0,0.5540136207619389,1,fasttext
1024,8,CVE-2014-0054,1.0,0.56187436133022,2,spacy
1025,8,CVE-2014-0054,1.0,0.6334056021037165,2,fasttext
1026,8,CVE-2014-1904,0.9426882980512273,0.4282080645855125,2,spacy
1027,8,CVE-2014-1904,0.9414774913090437,0.5019740921497536,2,fasttext
1028,8,CVE-2014-3578,0.35718759140092954,0.305543876877618,2,spacy
1029,8,CVE-2014-3578,0.3571876529751805,0.37538430354610247,2,fasttext
1030,8,CVE-2014-3625,0.9449012244327291,0.7238626895248389,3,spacy
1031,8,CVE-2014-3625,0.9433105973052801,0.7536021133164862,3,fasttext
1032,8,CVE-2015-0201,0.8591152904857832,0.2700863556820507,2,spacy
1033,8,CVE-2015-0201,0.8591152868546214,0.270038722592645,2,fasttext
1034,8,CVE-2015-3192,1.0,0.2370709199926371,1,spacy
1035,8,CVE-2015-3192,1.0,0.209160658126236,1,fasttext
1036,8,CVE-2016-5007,1.0,0.5324897591228009,1,spacy
1037,8,CVE-2016-5007,1.0,0.28567949177399315,1,fasttext
1038,8,CVE-2016-9878,0.9299344755016589,0.41499127079330694,3,spacy
1039,8,CVE-2016-9878,0.9299344611416939,0.44445153739447757,3,fasttext
1040,8,CVE-2018-11039,1.0,0.6322757283438469,2,spacy
1041,8,CVE-2018-11039,1.0,0.6887973865040051,2,fasttext
1042,8,CVE-2018-11040,0.9060303278205395,0.4515993101219766,2,spacy
1043,8,CVE-2018-11040,0.9060303170829859,0.5147065743183712,2,fasttext
1044,8,CVE-2018-1257,1.0,0.258663159772939,2,spacy
1045,8,CVE-2018-1257,1.0,0.31680256125892065,2,fasttext
1046,8,CVE-2018-1270,0.31790809147068194,0.1854722320926121,3,spacy
1047,8,CVE-2018-1270,0.5039844290196637,0.3755835058676752,3,fasttext
1048,8,CVE-2018-1271,0.897809887706478,0.4313287406076139,7,spacy
1049,8,CVE-2018-1271,0.8978098795908399,0.4126867845813067,7,fasttext
1050,8,CVE-2018-1272,1.0,0.19106013129705743,2,spacy
1051,8,CVE-2018-1272,1.0,0.47403960793875827,2,fasttext
1052,8,CVE-2018-1275,0.2284186601723809,0.43107583489963613,2,spacy
1053,8,CVE-2018-1275,0.43890792632798104,0.21728931336995125,2,fasttext
1054,8,CVE-2018-15756,1.0,0.46185217202750367,3,spacy
1055,8,CVE-2018-15756,1.0,0.3636678190228022,3,fasttext
1056,8,CVE-2020-5397,1.0,0.3101701497556182,1,spacy
1057,8,CVE-2020-5397,1.0,0.2509818290803969,1,fasttext
1058,8,CVE-2020-5398,1.0,0.12609015848375316,1,spacy
1059,8,CVE-2020-5398,1.0,0.16647490038666207,1,fasttext
1060,8,CVE-2018-10237,1.0,0.410738423515817,1,spacy
1061,8,CVE-2018-10237,1.0,0.2505172741355999,1,fasttext
1062,8,CVE-2016-2402,1.0,0.33673252689624056,3,spacy
1063,8,CVE-2016-2402,1.0,0.2896908147405734,3,fasttext
1064,8,CVE-2018-1000844,0.3689281080403053,0.14222835483556984,1,spacy
1065,8,CVE-2018-1000844,0.7018767356927351,0.0968666206566724,1,fasttext
1066,8,CVE-2018-1000850,1.0,0.5859866443611761,1,spacy
1067,8,CVE-2018-1000850,1.0,0.5115563218144574,1,fasttext
1068,8,CVE-2017-12612,0.7648499001001436,0.21816086153541664,6,spacy
1069,8,CVE-2017-12612,0.8083203867135246,0.2193110189862541,6,fasttext
1070,8,CVE-2020-9480,0.93520735773608,0.23648080345303132,2,spacy
1071,8,CVE-2020-9480,0.8957198151406981,0.298542322552191,2,fasttext
1072,8,CVE-2014-0193,0.8389287183822443,0.18119977614845967,1,spacy
1073,8,CVE-2014-0193,0.8389287340834082,0.42734176277070507,1,fasttext
1074,8,CVE-2014-3488,1.0,0.1413878379535528,1,spacy
1075,8,CVE-2014-3488,0.8773581636248258,0.5008841964714841,1,fasttext
1076,8,CVE-2016-4970,1.0,0.7339258637196409,2,spacy
1077,8,CVE-2016-4970,1.0,0.6330270833439297,2,fasttext
1078,8,CVE-2019-16869,0.8677720753342093,0.4780849867500937,2,spacy
1079,8,CVE-2019-16869,0.8677720903080739,0.4015449281090965,2,fasttext
1080,8,CVE-2019-20445,0.9966970334740488,0.17197002134218498,1,spacy
1081,8,CVE-2019-20445,0.9966970323210128,0.2068186142438868,1,fasttext
1082,8,CVE-2019-9512,1.0,0.4373070489908781,1,spacy
1083,8,CVE-2019-9512,1.0,0.3617158932999248,1,fasttext
1084,8,CVE-2019-9514,1.0,0.0910934791137472,1,spacy
1085,8,CVE-2019-9514,1.0,0.10426287442790784,1,fasttext
1086,8,CVE-2019-9515,1.0,0.2633524494834949,1,spacy
1087,8,CVE-2019-9515,1.0,0.3391763247620593,1,fasttext
1088,8,CVE-2019-9518,1.0,0.6361324471819081,1,spacy
1089,8,CVE-2019-9518,1.0,1.0,1,fasttext
1090,8,CVE-2020-11612,1.0,0.4055430370272166,1,spacy
1091,8,CVE-2020-11612,1.0,0.5997467794675245,1,fasttext
1092,8,CVE-2020-7238,1.0,0.3858480992356416,1,spacy
1093,8,CVE-2020-7238,1.0,1.0,1,fasttext
1094,8,CVE-2017-18349,1.0,0.6740174834403176,1,spacy
1095,8,CVE-2017-18349,1.0,0.8563950328046244,1,fasttext
1096,8,CVE-2017-12610,1.0,0.4877398405590252,3,spacy
1097,8,CVE-2017-12610,1.0,0.517314033375846,3,fasttext
1098,8,CVE-2018-17196,1.0,0.8094685741943217,1,spacy
1099,8,CVE-2018-17196,1.0,0.4399653673171997,1,fasttext
1100,8,CVE-2019-12399,0.9776733927555912,0.48303866993583855,4,spacy
1101,8,CVE-2019-12399,0.9776733927428722,0.5539173148572445,4,fasttext
1102,8,CVE-2018-17297,0.8714687741457899,0.7477923801685145,3,spacy
1103,8,CVE-2018-17297,0.875591499123225,0.7812881040770742,3,fasttext
1104,8,CVE-2020-13921,1.0,0.4162281861041275,1,spacy
1105,8,CVE-2020-13921,1.0000000000000002,0.13812918966627102,1,fasttext
1106,8,CVE-2020-9483,1.0,0.31826041168537783,1,spacy
1107,8,CVE-2020-9483,1.0,1.0,1,fasttext
1108,8,CVE-2020-1960,0.9956901047396237,0.30775338893937476,11,spacy
1109,8,CVE-2020-1960,0.9962766516907325,0.30967568758023883,11,fasttext
1110,8,CVE-2019-17572,1.0,0.6077272792580436,1,spacy
1111,8,CVE-2019-17572,1.0,1.0,1,fasttext
1112,8,CVE-2020-12480,0.9600292676452558,0.6712670801442322,1,spacy
1113,8,CVE-2020-12480,0.960029371649632,0.3536427494541096,1,fasttext
1114,8,CVE-2017-7669,0.9650059184089016,0.5178231398529624,2,spacy
1115,8,CVE-2017-7669,0.979419604564748,0.5695243508125168,2,fasttext
1116,8,CVE-2018-11768,1.0,0.29533694735782473,1,spacy
1117,8,CVE-2018-11768,1.0,0.2076054976613475,1,fasttext
1118,8,CVE-2018-8009,1.0,0.5076428025499928,13,spacy
1119,8,CVE-2018-8009,1.0,0.4490385214524194,13,fasttext
1120,8,CVE-2018-12541,1.0,0.4187088706189629,1,spacy
1121,8,CVE-2018-12541,1.0,0.7105792376667488,1,fasttext
1122,8,CVE-2020-1958,0.8468820472521317,0.26830780393141085,1,spacy
1123,8,CVE-2020-1958,0.9755470054216724,0.22470873891994544,1,fasttext
1124,8,CVE-2018-11248,0.8864644178395089,0.5228595746038609,1,spacy
1125,8,CVE-2018-11248,0.8583664170761196,0.0,1,fasttext
1126,8,CVE-2017-5637,1.0,0.23600223523942787,1,spacy
1127,8,CVE-2017-5637,1.0,0.09548463778473708,1,fasttext
1128,8,CVE-2019-0201,1.0,0.4027431919486503,3,spacy
1129,8,CVE-2019-0201,1.0,0.24672682840101756,3,fasttext
1130,8,CVE-2016-9177,1.0,0.8788618105221442,1,spacy
1131,8,CVE-2016-9177,1.0,0.8278282515436467,1,fasttext
1132,8,CVE-2018-9159,0.7384579578718358,0.4200969718066103,2,spacy
1133,8,CVE-2018-9159,0.8200088212798344,0.8716450801937426,2,fasttext
1134,9,CVE-2015-1427,0.6871245410595425,0.24289986059266302,3,spacy
1135,9,CVE-2015-1427,0.6871245460410819,0.25763895174566304,3,fasttext
1136,9,CVE-2015-5531,0.7726663619802105,0.2783411435650385,1,spacy
1137,9,CVE-2015-5531,0.7726664426370389,0.1113817202325007,1,fasttext
1138,9,CVE-2019-7619,1.0,0.3659165674610965,1,spacy
1139,9,CVE-2019-7619,1.0,0.3472836457660291,1,fasttext
1140,9,CVE-2020-7009,1.0,0.22819425520165817,3,spacy
1141,9,CVE-2020-7009,1.0,0.22138472023972722,3,fasttext
1142,9,CVE-2020-7019,0.967254649733342,0.5121593094179052,3,spacy
1143,9,CVE-2020-7019,1.0000000000000002,0.3105624306480102,3,fasttext
1144,9,CVE-2013-4152,0.6530571183192294,0.4654759289800055,1,spacy
1145,9,CVE-2013-4152,0.6214915216799353,0.41416290718996296,1,fasttext
1146,9,CVE-2013-6429,1.0,0.6431237465228165,2,spacy
1147,9,CVE-2013-6429,0.9644289621924632,0.5103968041186452,2,fasttext
1148,9,CVE-2013-7315,1.0,0.5427692070009074,1,spacy
1149,9,CVE-2013-7315,1.0,0.4984894616297979,1,fasttext
1150,9,CVE-2014-0054,1.0,0.5678144930056681,2,spacy
1151,9,CVE-2014-0054,1.0,0.5787569857654208,2,fasttext
1152,9,CVE-2014-1904,0.9426882980512273,0.5153690978887369,2,spacy
1153,9,CVE-2014-1904,0.9414774913090437,0.39783497980276683,2,fasttext
1154,9,CVE-2014-3578,0.35718759140092954,0.26818908688827264,2,spacy
1155,9,CVE-2014-3578,0.3571876529751805,0.26860130769338886,2,fasttext
1156,9,CVE-2014-3625,0.9449012244327291,0.5538305572091472,3,spacy
1157,9,CVE-2014-3625,0.9433105973052801,0.5161131823343038,3,fasttext
1158,9,CVE-2015-0201,0.8591152904857832,0.44157928506174793,2,spacy
1159,9,CVE-2015-0201,0.8591152868546214,0.4006935196057918,2,fasttext
1160,9,CVE-2015-3192,1.0,0.28279656197238645,1,spacy
1161,9,CVE-2015-3192,1.0,0.20086184837166127,1,fasttext
1162,9,CVE-2016-5007,1.0,0.29811523957742314,1,spacy
1163,9,CVE-2016-5007,1.0,0.7180049222528042,1,fasttext
1164,9,CVE-2016-9878,0.9299344755016589,0.4555750226344866,3,spacy
1165,9,CVE-2016-9878,0.9299344611416939,0.4484622940187231,3,fasttext
1166,9,CVE-2018-11039,1.0,0.5991053697447389,2,spacy
1167,9,CVE-2018-11039,1.0,0.6513460368366686,2,fasttext
1168,9,CVE-2018-11040,0.9060303278205395,0.44896573450355404,2,spacy
1169,9,CVE-2018-11040,0.9060303170829859,0.6150042510996953,2,fasttext
1170,9,CVE-2018-1257,1.0,0.28206912119463,2,spacy
1171,9,CVE-2018-1257,1.0,0.2891334908437639,2,fasttext
1172,9,CVE-2018-1270,0.31790809147068194,0.30198851575403385,3,spacy
1173,9,CVE-2018-1270,0.5039844290196637,0.3303583698609786,3,fasttext
1174,9,CVE-2018-1271,0.897809887706478,0.5058861969348504,7,spacy
1175,9,CVE-2018-1271,0.8978098795908399,0.4414684021833713,7,fasttext
1176,9,CVE-2018-1272,1.0,0.38893563981105617,2,spacy
1177,9,CVE-2018-1272,1.0,0.5157693679927414,2,fasttext
1178,9,CVE-2018-1275,0.2284186601723809,0.4346733266063352,2,spacy
1179,9,CVE-2018-1275,0.43890792632798104,0.33742250257579,2,fasttext
1180,9,CVE-2018-15756,1.0,0.49764704241507157,3,spacy
1181,9,CVE-2018-15756,1.0,0.3390572605398697,3,fasttext
1182,9,CVE-2020-5397,1.0,0.28642686346189217,1,spacy
1183,9,CVE-2020-5397,1.0,0.250322318508999,1,fasttext
1184,9,CVE-2020-5398,1.0,0.4858095867679056,1,spacy
1185,9,CVE-2020-5398,1.0,0.7140179948524983,1,fasttext
1186,9,CVE-2018-10237,1.0,0.4000694473904337,1,spacy
1187,9,CVE-2018-10237,1.0,0.3268820070301248,1,fasttext
1188,9,CVE-2016-2402,1.0,0.20413917290865857,3,spacy
1189,9,CVE-2016-2402,1.0,0.3241210167021541,3,fasttext
1190,9,CVE-2018-1000844,0.3689281080403053,0.094821026406965,1,spacy
1191,9,CVE-2018-1000844,0.7018767356927351,0.4427509752351806,1,fasttext
1192,9,CVE-2018-1000850,1.0,0.8684436444685666,1,spacy
1193,9,CVE-2018-1000850,1.0,0.7985707579978096,1,fasttext
1194,9,CVE-2017-12612,0.7648499001001436,0.26607191959882903,6,spacy
1195,9,CVE-2017-12612,0.8083203867135246,0.34338668578298165,6,fasttext
1196,9,CVE-2020-9480,0.93520735773608,0.46504336930800017,2,spacy
1197,9,CVE-2020-9480,0.8957198151406981,0.275934151083686,2,fasttext
1198,9,CVE-2014-0193,0.8389287183822443,0.3282984229807133,1,spacy
1199,9,CVE-2014-0193,0.8389287340834082,0.27485214828040755,1,fasttext
1200,9,CVE-2014-3488,1.0,0.3510234904370749,1,spacy
1201,9,CVE-2014-3488,0.8773581636248258,0.6450898270930152,1,fasttext
1202,9,CVE-2016-4970,1.0,0.5785339220961804,2,spacy
1203,9,CVE-2016-4970,1.0,0.6036512520578172,2,fasttext
1204,9,CVE-2019-16869,0.8677720753342093,0.41782226153852775,2,spacy
1205,9,CVE-2019-16869,0.8677720903080739,0.33509246569269985,2,fasttext
1206,9,CVE-2019-20445,0.9966970334740488,0.1502536757052908,1,spacy
1207,9,CVE-2019-20445,0.9966970323210128,0.5681697959236265,1,fasttext
1208,9,CVE-2019-9512,1.0,0.4373070489908781,1,spacy
1209,9,CVE-2019-9512,1.0,0.12322169683832952,1,fasttext
1210,9,CVE-2019-9514,1.0,0.15931285889612554,1,spacy
1211,9,CVE-2019-9514,1.0,0.2512242233444353,1,fasttext
1212,9,CVE-2019-9515,1.0,0.2989775194827946,1,spacy
1213,9,CVE-2019-9515,1.0,0.4878527818992425,1,fasttext
1214,9,CVE-2019-9518,1.0,0.08704593646056802,1,spacy
1215,9,CVE-2019-9518,1.0,0.3739537911256888,1,fasttext
1216,9,CVE-2020-11612,1.0,0.342978453257668,1,spacy
1217,9,CVE-2020-11612,1.0,0.34405515691607746,1,fasttext
1218,9,CVE-2020-7238,1.0,0.13488837924315414,1,spacy
1219,9,CVE-2020-7238,1.0,0.7238398550652185,1,fasttext
1220,9,CVE-2017-18349,1.0,0.6740174834403176,1,spacy
1221,9,CVE-2017-18349,1.0,0.6740174028806574,1,fasttext
1222,9,CVE-2017-12610,1.0,0.4936626406357121,3,spacy
1223,9,CVE-2017-12610,1.0,0.5657110959291458,3,fasttext
1224,9,CVE-2018-17196,1.0,0.4517106880726202,1,spacy
1225,9,CVE-2018-17196,1.0,0.4017987251281738,1,fasttext
1226,9,CVE-2019-12399,0.9776733927555912,0.6414826144541255,4,spacy
1227,9,CVE-2019-12399,0.9776733927428722,0.5673402398824692,4,fasttext
1228,9,CVE-2018-17297,0.8714687741457899,0.6691852831861548,3,spacy
1229,9,CVE-2018-17297,0.875591499123225,0.6140955340227644,3,fasttext
1230,9,CVE-2020-13921,1.0,0.12920592571624412,1,spacy
1231,9,CVE-2020-13921,1.0000000000000002,0.15579385781249785,1,fasttext
1232,9,CVE-2020-9483,1.0,0.2694730665298985,1,spacy
1233,9,CVE-2020-9483,1.0,0.01711186653400154,1,fasttext
1234,9,CVE-2020-1960,0.9956901047396237,0.4242093309777237,11,spacy
1235,9,CVE-2020-1960,0.9962766516907325,0.33303492291002984,11,fasttext
1236,9,CVE-2019-17572,1.0,0.20087429713031624,1,spacy
1237,9,CVE-2019-17572,1.0,0.5987640566348544,1,fasttext
1238,9,CVE-2020-12480,0.9600292676452558,0.41635942868202797,1,spacy
1239,9,CVE-2020-12480,0.960029371649632,0.4163593854075147,1,fasttext
1240,9,CVE-2017-7669,0.9650059184089016,0.6681202962222482,2,spacy
1241,9,CVE-2017-7669,0.979419604564748,0.5977200745984197,2,fasttext
1242,9,CVE-2018-11768,1.0,0.37358885523988167,1,spacy
1243,9,CVE-2018-11768,1.0,0.41039336133728677,1,fasttext
1244,9,CVE-2018-8009,1.0,0.4632094674781577,13,spacy
1245,9,CVE-2018-8009,1.0,0.4688579911547599,13,fasttext
1246,9,CVE-2018-12541,1.0,0.5319942952891286,1,spacy
1247,9,CVE-2018-12541,1.0,0.8028922974766812,1,fasttext
1248,9,CVE-2020-1958,0.8468820472521317,0.32116796312798257,1,spacy
1249,9,CVE-2020-1958,0.9755470054216724,0.2745766644118625,1,fasttext
1250,9,CVE-2018-11248,0.8864644178395089,0.5228595746038609,1,spacy
1251,9,CVE-2018-11248,0.8583664170761196,0.7733208803598837,1,fasttext
1252,9,CVE-2017-5637,1.0,0.11515061932531463,1,spacy
1253,9,CVE-2017-5637,1.0,0.19744466561659835,1,fasttext
1254,9,CVE-2019-0201,1.0,0.4261652680479832,3,spacy
1255,9,CVE-2019-0201,1.0,0.3129746732760192,3,fasttext
1256,9,CVE-2016-9177,1.0,0.7560889418979271,1,spacy
1257,9,CVE-2016-9177,1.0,0.5007385081138636,1,fasttext
1258,9,CVE-2018-9159,0.7384579578718358,0.7097154018951147,2,spacy
1259,9,CVE-2018-9159,0.8200088212798344,0.8039637802391677,2,fasttext
